fuente,archivo,sha256,bytes,filas,url,descargado_utc,nota
D1 SITUR-Q,datos/bronze/siturq/2026-09-28/ocupacion_hotelera.json,a89747f0ea6b5b327bacbcb0b15cbfea0130d8fc0e12f5d43ead3fa3b929ce89,479998,651,https://returq.siturq.gob.mx/api/charts/getCharData,2026-09-28T18:04:01Z,15 unidades × 8 años
D1 SITUR-Q,datos/bronze/siturq/2026-09-28/habitaciones.json,05a4c7f00c7ad6873e6a6c66048ebeacbd5f3de0b96d72dfc20b4e495f205c37,311499,825,https://returq.siturq.gob.mx/api/charts/getCharData,2026-09-28T18:05:31Z,15 unidades × 8 años
D1 SITUR-Q,datos/bronze/siturq/2026-09-28/centros_hospedaje.json,87b80cc6855b40ddf5b3f33d49cd284d1f0942f3177989b81f298da3c25bc77d,297247,825,https://returq.siturq.gob.mx/api/charts/getCharData,2026-09-28T18:07:06Z,15 unidades × 8 años
D1 SITUR-Q,datos/bronze/siturq/2026-09-28/cruceristas.json,5d71deba802822105d7b324a6c29b3b5fca4b08ea2a5fe41dee6383f9d3db9d7,117521,273,https://returq.siturq.gob.mx/api/charts/getCharData,2026-09-28T18:08:39Z,15 unidades × 8 años
D1 SITUR-Q,datos/bronze/siturq/2026-09-28/frontera_belice.json,e467776bd5b9ad82cb79afe5b674dea262176314bceaaadde7a05e6c53547c66,98802,180,https://returq.siturq.gob.mx/api/charts/getCharData,2026-09-28T18:10:09Z,15 unidades × 8 años
D1 SITUR-Q,datos/bronze/siturq/2026-09-28/tren_maya_movimiento.json,10a0d59061c6ae9386ff6ac2555bfb332a537fceb2f689e0f588b7120a8f40f7,215715,341,https://returq.siturq.gob.mx/api/charts/getCharData,2026-09-28T18:11:41Z,15 unidades × 8 años
D1 SITUR-Q,datos/bronze/siturq/2026-09-28/tren_maya_descenso.json,04dd424cbbe91acb13f01e9e09f36c0e49b3ecb62c69980a8416cc669be53466,215114,341,https://returq.siturq.gob.mx/api/charts/getCharData,2026-09-28T18:13:13Z,15 unidades × 8 años
D1 SITUR-Q,datos/bronze/siturq/2026-09-28/aereos_llegadas.json,207eaa37f50703bffd37fc7d50cd8f442346a1c18f64f299ca27dce501d39b4e,178426,450,https://returq.siturq.gob.mx/api/charts/getCharData,2026-09-28T18:14:42Z,15 unidades × 8 años
D1 SITUR-Q,datos/bronze/siturq/2026-09-28/zonas_arqueologicas.json,0701672f1686ced3145a8a6126782e2721c6a58b188cdd0000903febfcac5655,384339,1293,https://returq.siturq.gob.mx/api/charts/getCharData,2026-09-28T18:16:12Z,15 unidades × 8 años
D1 SITUR-Q,datos/bronze/siturq/2026-09-28/afluencia_turistas.json,2d4758fe10dc7db3721886d65d1abff342164e407a125a5928388b244bc15559,237692,600,https://returq.siturq.gob.mx/api/charts/getCharData,2026-09-28T18:17:42Z,15 unidades × 8 años
D1 SITUR-Q,datos/bronze/siturq/2026-09-28/_pagina_indicadores.html,9475c9234055d47b305005fe1bacce1b9c11e01d49416690d9877d96a3182421,249552,,https://siturq.gob.mx/indicadores-turisticos,2026-09-28T18:18:16Z,página pública de la que salen el token y los ids
D1 SITUR-Q,datos/bronze/siturq/2026-09-28/turista_afluencia.json,c2b7405af611dd79b3aa5912ca600802c9cb848ed119d96b9a72ec053f99e37a,36168,0,https://returq.siturq.gob.mx/api/charts/getCharData,2026-09-28T18:34:06Z,15 unidades × 8 años; 120 consultas fallaron en el servidor (hueco declarado)
D1 SITUR-Q,datos/bronze/siturq/2026-09-28/derrama_visitantes.json,26cf12758f1681b08a9e1d01528bb1452a306d5a2d37a4b75dea8d7cee91a804,168907,414,https://returq.siturq.gob.mx/api/charts/getCharData,2026-09-28T18:35:38Z,15 unidades × 8 años
D1 SITUR-Q,datos/bronze/siturq/2026-09-28/derrama_turistas.json,9fd770943c089f99e0ff58e07d6aab158f614c5cd4c0f0a7d1438a9422afff49,171281,414,https://returq.siturq.gob.mx/api/charts/getCharData,2026-09-28T18:37:09Z,15 unidades × 8 años
D2 DataTur ocupación hotelera,datos/bronze/datatur/2026-09-28/hoteleria/2024-MES_01_Publico.zip,1c9d3261d1214584785e6759d3e9adaebc3c35b81437df7411dda4c2f3fb0557,337420,104,https://datatur.sectur.gob.mx/Documentoscompartidos/monitoreo/2024-MES_01_Publico.zip,2026-09-28T18:37:25Z,
D2 DataTur ocupación hotelera,datos/bronze/datatur/2026-09-28/hoteleria/2024-MES_02_Publico.zip,b2f08613704527e00c8afe544035729d9fdabe0167fd286f6de66a75bf4a4b86,367142,208,https://datatur.sectur.gob.mx/Documentoscompartidos/monitoreo/2024-MES_02_Publico.zip,2026-09-28T18:37:25Z,
D2 DataTur ocupación hotelera,datos/bronze/datatur/2026-09-28/hoteleria/2024-MES_03_Publico.zip,05e2bd8bc2d5b3cddd04d6e5808022985a1aed6d83d116c7040df68bfe678564,395234,212,https://datatur.sectur.gob.mx/Documentoscompartidos/monitoreo/2024-MES_03_Publico.zip,2026-09-28T18:37:25Z,
D2 DataTur ocupación hotelera,datos/bronze/datatur/2026-09-28/hoteleria/2024-MES_04_Publico.zip,09b733d58c936c5a4b40376dd45c1e40ff7850f590426226851b3bac96b5c206,410817,212,https://datatur.sectur.gob.mx/Documentoscompartidos/monitoreo/2024-MES_04_Publico.zip,2026-09-28T18:37:25Z,
D2 DataTur ocupación hotelera,datos/bronze/datatur/2026-09-28/hoteleria/2024-MES_05_Publico.zip,445b73b212b9bf8261b6ab7619d923793f5515b9e8f895fefa59b8b3b4307d6b,399311,208,https://datatur.sectur.gob.mx/Documentoscompartidos/monitoreo/2024-MES_05_Publico.zip,2026-09-28T18:37:26Z,
D2 DataTur ocupación hotelera,datos/bronze/datatur/2026-09-28/hoteleria/2024-MES_06_Publico.zip,117816a1cd847e88b98f154c54964dc9748d5c161b2adfa76a7c16ef8dd4732d,400052,210,https://datatur.sectur.gob.mx/Documentoscompartidos/monitoreo/2024-MES_06_Publico.zip,2026-09-28T18:37:26Z,
D2 DataTur ocupación hotelera,datos/bronze/datatur/2026-09-28/hoteleria/2024-MES_07_Publico.zip,1f9e7c12ee0719ba2f91ccae1ad99aaada2eff66ffac0d12a39b1fd5e943e4bd,395008,208,https://datatur.sectur.gob.mx/Documentoscompartidos/monitoreo/2024-MES_07_Publico.zip,2026-09-28T18:37:26Z,
D2 DataTur ocupación hotelera,datos/bronze/datatur/2026-09-28/hoteleria/2024-MES_08_Publico.zip,371f3d6beda7f5b90fcad3f50a2be28904140dc22fe7c9ffff014a1701bf40af,466629,208,https://datatur.sectur.gob.mx/Documentoscompartidos/monitoreo/2024-MES_08_Publico.zip,2026-09-28T18:37:26Z,
D2 DataTur ocupación hotelera,datos/bronze/datatur/2026-09-28/hoteleria/2024-MES_09_Publico.zip,ddd48c0ae08474292a0cd405f1d4a30f667254733b7c69cbc6abf2bcdf57fe17,483084,208,https://datatur.sectur.gob.mx/Documentoscompartidos/monitoreo/2024-MES_09_Publico.zip,2026-09-28T18:37:26Z,
D2 DataTur ocupación hotelera,datos/bronze/datatur/2026-09-28/hoteleria/2024-MES_10_Publico.zip,2e4877c47b8bf380a07fce8ac435338b0c1beeb4249b1e960bc43e7c9f99f53e,466799,208,https://datatur.sectur.gob.mx/Documentoscompartidos/monitoreo/2024-MES_10_Publico.zip,2026-09-28T18:37:27Z,
D2 DataTur ocupación hotelera,datos/bronze/datatur/2026-09-28/hoteleria/2024-MES_11_Publico.zip,4e78d5e1915fbd6bae937cc36b8cd262ba7e50e356d04b04fef2f519a771828c,467994,208,https://datatur.sectur.gob.mx/Documentoscompartidos/monitoreo/2024-MES_11_Publico.zip,2026-09-28T18:37:27Z,
D2 DataTur ocupación hotelera,datos/bronze/datatur/2026-09-28/hoteleria/2024-MES_12_Publico.zip,e10d6f915ed9b53ad0f92a6bd5051ba6071e837d18f6888e35ada34cfd2e0345,467175,208,https://datatur.sectur.gob.mx/Documentoscompartidos/monitoreo/2024-MES_12_Publico.zip,2026-09-28T18:37:27Z,
D2 DataTur ocupación hotelera,datos/bronze/datatur/2026-09-28/hoteleria/2024_Semana_01.zip,1f839e17ef7b1f674d065125c15ca5dab7cb3f03bb47e5e56dd22e3ce2d0d2a8,255628,103,https://datatur.sectur.gob.mx/Documentoscompartidos/monitoreo/2024_Semana_01.zip,2026-09-28T18:37:27Z,
D2 DataTur ocupación hotelera,datos/bronze/datatur/2026-09-28/hoteleria/2024_Semana_02.zip,391166c5920edc40fabfd1ddcd08ade46bb47c45ff22491e8a23e14ab802170a,236191,205,https://datatur.sectur.gob.mx/Documentoscompartidos/monitoreo/2024_Semana_02.zip,2026-09-28T18:37:27Z,
D2 DataTur ocupación hotelera,datos/bronze/datatur/2026-09-28/hoteleria/2024_Semana_03.zip,1aab59793446d8fc0f8318a11b7ce52503b3ccee37626ec717dfcc60c4cb1b97,277784,206,https://datatur.sectur.gob.mx/Documentoscompartidos/monitoreo/2024_Semana_03.zip,2026-09-28T18:37:28Z,
D2 DataTur ocupación hotelera,datos/bronze/datatur/2026-09-28/hoteleria/2024_Semana_04.zip,5c1fd2d6e22f2fb9ecd19289ec9aaf101efb326409ab8e0493024c8042882a28,234355,206,https://datatur.sectur.gob.mx/Documentoscompartidos/monitoreo/2024_Semana_04.zip,2026-09-28T18:37:28Z,
D2 DataTur ocupación hotelera,datos/bronze/datatur/2026-09-28/hoteleria/2024_Semana_05.zip,d49b768990be7dd30368cda4af478f901d33ceb9652f5ed524e83a67744a4257,235708,206,https://datatur.sectur.gob.mx/Documentoscompartidos/monitoreo/2024_Semana_05.zip,2026-09-28T18:37:28Z,
D2 DataTur ocupación hotelera,datos/bronze/datatur/2026-09-28/hoteleria/2024_Semana_06.zip,ad65225d782a8327445fba947726b0ca974faadcb8d8bb1764f5598479681a4f,234186,206,https://datatur.sectur.gob.mx/Documentoscompartidos/monitoreo/2024_Semana_06.zip,2026-09-28T18:37:28Z,
D2 DataTur ocupación hotelera,datos/bronze/datatur/2026-09-28/hoteleria/2024_Semana_07.zip,8c1384d884b24361a1dfff15fcec3d8863e415d0c23adab0ac314941d4e59ae8,236460,206,https://datatur.sectur.gob.mx/Documentoscompartidos/monitoreo/2024_Semana_07.zip,2026-09-28T18:37:28Z,
D2 DataTur ocupación hotelera,datos/bronze/datatur/2026-09-28/hoteleria/2024_Semana_08.zip,e98dcb57a91b362c9397adc7333d5cae7c6851fc22565b6314e7b7dbb4ffafee,240806,206,https://datatur.sectur.gob.mx/Documentoscompartidos/monitoreo/2024_Semana_08.zip,2026-09-28T18:37:28Z,
D2 DataTur ocupación hotelera,datos/bronze/datatur/2026-09-28/hoteleria/2024_Semana_09.zip,75e7a49e15270078f17b9e2d11a97bbb086359942d03e76136af03dc5c7d60b0,236329,206,https://datatur.sectur.gob.mx/Documentoscompartidos/monitoreo/2024_Semana_09.zip,2026-09-28T18:37:29Z,
D2 DataTur ocupación hotelera,datos/bronze/datatur/2026-09-28/hoteleria/2024_Semana_10.zip,d399f6e95dcfc09d97891c62480363ba66cfd8fd51d9006d9ee4ace257294aea,260288,208,https://datatur.sectur.gob.mx/Documentoscompartidos/monitoreo/2024_Semana_10.zip,2026-09-28T18:37:29Z,
D2 DataTur ocupación hotelera,datos/bronze/datatur/2026-09-28/hoteleria/2024_Semana_11.zip,887b5417e1269bffc826310be8096f9f338a4b701244193706d5415f34bae530,250238,208,https://datatur.sectur.gob.mx/Documentoscompartidos/monitoreo/2024_Semana_11.zip,2026-09-28T18:37:29Z,
D2 DataTur ocupación hotelera,datos/bronze/datatur/2026-09-28/hoteleria/2024_Semana_12.zip,3b6d97b51c276b1ae0d0804b0f1d90bd4d82c7ea24aceb0fc37ded4f6f83a131,242332,208,https://datatur.sectur.gob.mx/Documentoscompartidos/monitoreo/2024_Semana_12.zip,2026-09-28T18:37:29Z,
D2 DataTur ocupación hotelera,datos/bronze/datatur/2026-09-28/hoteleria/2024_Semana_13.zip,6472ea4e417d73cb23628e8d12f36f3b2ccedc3d1b69c12e9dae5a64e71e21fd,261634,210,https://datatur.sectur.gob.mx/Documentoscompartidos/monitoreo/2024_Semana_13.zip,2026-09-28T18:37:29Z,
D2 DataTur ocupación hotelera,datos/bronze/datatur/2026-09-28/hoteleria/2024_Semana_14.zip,f3e6ef9d9be91cc339d1b60a32ec973ba3cfbe00bda0575097f7968e49829b59,418932,210,https://datatur.sectur.gob.mx/Documentoscompartidos/monitoreo/2024_Semana_14.zip,2026-09-28T18:37:30Z,
D2 DataTur ocupación hotelera,datos/bronze/datatur/2026-09-28/hoteleria/2024_Semana_15.zip,cc56f184646f850c6eb53ed7fe03d298ac12b71e79ca8c1ec3a207e459c9e441,382712,210,https://datatur.sectur.gob.mx/Documentoscompartidos/monitoreo/2024_Semana_15.zip,2026-09-28T18:37:30Z,
D2 DataTur ocupación hotelera,datos/bronze/datatur/2026-09-28/hoteleria/2024_Semana_16.zip,5f4e82dbee33b679a166490b0e17889dd4b4496c51f0b279ed164c8aae51a27c,413457,210,https://datatur.sectur.gob.mx/Documentoscompartidos/monitoreo/2024_Semana_16.zip,2026-09-28T18:37:30Z,
D2 DataTur ocupación hotelera,datos/bronze/datatur/2026-09-28/hoteleria/2024_Semana_17.zip,c219dd11bcdcea163419e6c48c130fa8d70dbcd3b6f0f244567e77d85da59e66,388042,210,https://datatur.sectur.gob.mx/Documentoscompartidos/monitoreo/2024_Semana_17.zip,2026-09-28T18:37:30Z,
D2 DataTur ocupación hotelera,datos/bronze/datatur/2026-09-28/hoteleria/2024_Semana_18.zip,b243bc5a694443b73263c1f5a1e5884b61d10af6ba55957c7b997ad873132da9,411331,206,https://datatur.sectur.gob.mx/Documentoscompartidos/monitoreo/2024_Semana_18.zip,2026-09-28T18:37:30Z,
D2 DataTur ocupación hotelera,datos/bronze/datatur/2026-09-28/hoteleria/2024_Semana_19.zip,f02a24f333293b529339a5c0dcdebd023bcd5147e4771495d8358a1733a1e9af,421604,206,https://datatur.sectur.gob.mx/Documentoscompartidos/monitoreo/2024_Semana_19.zip,2026-09-28T18:37:30Z,
D2 DataTur ocupación hotelera,datos/bronze/datatur/2026-09-28/hoteleria/2024_Semana_20.zip,853a9ad0a5261aab5d8ed75c09f496d8874aa8334a002b35812ce963fd4b13ab,411106,206,https://datatur.sectur.gob.mx/Documentoscompartidos/monitoreo/2024_Semana_20.zip,2026-09-28T18:37:31Z,
D2 DataTur ocupación hotelera,datos/bronze/datatur/2026-09-28/hoteleria/2024_Semana_21.zip,1477eb7e29dde987bd121eb1551f150d6f89ecc055ec6d52c3f592b089edd7bf,489899,206,https://datatur.sectur.gob.mx/Documentoscompartidos/monitoreo/2024_Semana_21.zip,2026-09-28T18:37:31Z,
D2 DataTur ocupación hotelera,datos/bronze/datatur/2026-09-28/hoteleria/2024_Semana_22.zip,c499efb683acacc5fbc0ffcd92b9e97c67264461f6ff28df195862f535d50989,388516,206,https://datatur.sectur.gob.mx/Documentoscompartidos/monitoreo/2024_Semana_22.zip,2026-09-28T18:37:31Z,
D2 DataTur ocupación hotelera,datos/bronze/datatur/2026-09-28/hoteleria/2024_Semana_23.zip,f9264fbd4acfd00bcbec4870d09fc7e60658c01e2c18a822e4389f33d1782818,389399,208,https://datatur.sectur.gob.mx/Documentoscompartidos/monitoreo/2024_Semana_23.zip,2026-09-28T18:37:31Z,
D2 DataTur ocupación hotelera,datos/bronze/datatur/2026-09-28/hoteleria/2024_Semana_24.zip,b8a1775b8a77adf6d93d32025092634a14b13eb85cc7454961bb6874838c8dbf,398405,208,https://datatur.sectur.gob.mx/Documentoscompartidos/monitoreo/2024_Semana_24.zip,2026-09-28T18:37:31Z,
D2 DataTur ocupación hotelera,datos/bronze/datatur/2026-09-28/hoteleria/2024_Semana_25.zip,921cfaa69f1ea7cb78d35ec5b983c0d79acdeb17adbf59a99910b4b47880a0d4,380788,208,https://datatur.sectur.gob.mx/Documentoscompartidos/monitoreo/2024_Semana_25.zip,2026-09-28T18:37:32Z,
D2 DataTur ocupación hotelera,datos/bronze/datatur/2026-09-28/hoteleria/2024_Semana_26.zip,722c11efed0279e0195beaa3657ca2dbfa6f1173f7e673790283ce74acf98fbc,387935,208,https://datatur.sectur.gob.mx/Documentoscompartidos/monitoreo/2024_Semana_26.zip,2026-09-28T18:37:32Z,
D2 DataTur ocupación hotelera,datos/bronze/datatur/2026-09-28/hoteleria/2024_Semana_27.zip,2dcaa3a6f0ed33026dcf311c68d3aaa88a5310b9580c415f6d0989706f273424,490776,206,https://datatur.sectur.gob.mx/Documentoscompartidos/monitoreo/2024_Semana_27.zip,2026-09-28T18:37:32Z,
D2 DataTur ocupación hotelera,datos/bronze/datatur/2026-09-28/hoteleria/2024_Semana_28.zip,627b52585fe5f230120992aa6950f22a8cc7c1326ceb0a8415914ed52258df88,496042,206,https://datatur.sectur.gob.mx/Documentoscompartidos/monitoreo/2024_Semana_28.zip,2026-09-28T18:37:32Z,
D2 DataTur ocupación hotelera,datos/bronze/datatur/2026-09-28/hoteleria/2024_Semana_29.zip,a53e444389d5a26b23a1197ace3d9cea3bed968381cf9c1fde9a75bc9eb304db,497705,206,https://datatur.sectur.gob.mx/Documentoscompartidos/monitoreo/2024_Semana_29.zip,2026-09-28T18:37:32Z,
D2 DataTur ocupación hotelera,datos/bronze/datatur/2026-09-28/hoteleria/2024_Semana_30.zip,e5d9cd54e3e972f0f05444c69008df813a015524d1c0b3b42c6ec69fd6b820cf,496808,206,https://datatur.sectur.gob.mx/Documentoscompartidos/monitoreo/2024_Semana_30.zip,2026-09-28T18:37:33Z,
D2 DataTur ocupación hotelera,datos/bronze/datatur/2026-09-28/hoteleria/2024_Semana_31.zip,3333f3ad708259d7c562649130be89dc656d860bfa97d161657fc0da817b0c07,523615,206,https://datatur.sectur.gob.mx/Documentoscompartidos/monitoreo/2024_Semana_31.zip,2026-09-28T18:37:33Z,
D2 DataTur ocupación hotelera,datos/bronze/datatur/2026-09-28/hoteleria/2024_Semana_32.zip,61060b091b5efe4f278fcd664744ea9c498f99946b5d52a98737656ac4d21446,521973,208,https://datatur.sectur.gob.mx/Documentoscompartidos/monitoreo/2024_Semana_32.zip,2026-09-28T18:37:33Z,
D2 DataTur ocupación hotelera,datos/bronze/datatur/2026-09-28/hoteleria/2024_Semana_33.zip,97e2d25c6d92f8307321a59dc906fff81d2c490418d14bf6864dca0e70b104b5,519415,208,https://datatur.sectur.gob.mx/Documentoscompartidos/monitoreo/2024_Semana_33.zip,2026-09-28T18:37:33Z,
D2 DataTur ocupación hotelera,datos/bronze/datatur/2026-09-28/hoteleria/2024_Semana_34.zip,b64b0227c161b641a7f616f00ebf4419d6dc6b6389bfc5ccacfd0f8580bf51ec,519312,208,https://datatur.sectur.gob.mx/Documentoscompartidos/monitoreo/2024_Semana_34.zip,2026-09-28T18:37:33Z,
D2 DataTur ocupación hotelera,datos/bronze/datatur/2026-09-28/hoteleria/2024_Semana_35.zip,991d8a93a52a0ec22fcfc52c742d9be92e93b703713b5de327a42f8a47ea2553,518369,208,https://datatur.sectur.gob.mx/Documentoscompartidos/monitoreo/2024_Semana_35.zip,2026-09-28T18:37:34Z,
D2 DataTur ocupación hotelera,datos/bronze/datatur/2026-09-28/hoteleria/2024_Semana_36.zip,bcca5c8d3f1a655b24eaac376bd18b9c66b68146eb2cd8668179de2276865487,519389,208,https://datatur.sectur.gob.mx/Documentoscompartidos/monitoreo/2024_Semana_36.zip,2026-09-28T18:37:34Z,
D2 DataTur ocupación hotelera,datos/bronze/datatur/2026-09-28/hoteleria/2024_Semana_37.zip,e7c7059cac1edba3d35376c61439a8f18d2a4c0d0f4de971165fb09332e9e777,519592,208,https://datatur.sectur.gob.mx/Documentoscompartidos/monitoreo/2024_Semana_37.zip,2026-09-28T18:37:34Z,
D2 DataTur ocupación hotelera,datos/bronze/datatur/2026-09-28/hoteleria/2024_Semana_38.zip,0f79731579e1115531bb005f3f5cd66ee6c20cc0d13fe0593568ae7c5efeb66a,519350,208,https://datatur.sectur.gob.mx/Documentoscompartidos/monitoreo/2024_Semana_38.zip,2026-09-28T18:37:34Z,
D2 DataTur ocupación hotelera,datos/bronze/datatur/2026-09-28/hoteleria/2024_Semana_39.zip,ed92de5d59c018000803afd63d64238290ca5cca9e6fdaf455c606874c813eab,519469,208,https://datatur.sectur.gob.mx/Documentoscompartidos/monitoreo/2024_Semana_39.zip,2026-09-28T18:37:34Z,
D2 DataTur ocupación hotelera,datos/bronze/datatur/2026-09-28/hoteleria/2024_Semana_40.zip,47e2a2c5898ef113358639125cce07c605122e3e45c4ff1ac9b3e64553c66711,518713,208,https://datatur.sectur.gob.mx/Documentoscompartidos/monitoreo/2024_Semana_40.zip,2026-09-28T18:37:35Z,
D2 DataTur ocupación hotelera,datos/bronze/datatur/2026-09-28/hoteleria/2024_Semana_41.zip,9b719dfe74eac873c350dc849030adc4563dd688187164441762fe9a781fda66,519192,208,https://datatur.sectur.gob.mx/Documentoscompartidos/monitoreo/2024_Semana_41.zip,2026-09-28T18:37:35Z,
D2 DataTur ocupación hotelera,datos/bronze/datatur/2026-09-28/hoteleria/2024_Semana_42.zip,20f941c6bbe8ebe84de3d647708deb47f549c7588e9857780fa91f0aa3a176f2,518465,208,https://datatur.sectur.gob.mx/Documentoscompartidos/monitoreo/2024_Semana_42.zip,2026-09-28T18:37:35Z,
D2 DataTur ocupación hotelera,datos/bronze/datatur/2026-09-28/hoteleria/2024_Semana_43.zip,255106869cef38c8998d190024a1025430b270a4469056558b6019aa5d42cfb5,506739,207,https://datatur.sectur.gob.mx/Documentoscompartidos/monitoreo/2024_Semana_43.zip,2026-09-28T18:37:35Z,
D2 DataTur ocupación hotelera,datos/bronze/datatur/2026-09-28/hoteleria/2024_Semana_44.zip,9fa307b426f4bb50126734de0fa05649aa7b84fe9a5eb4e63a3077d55ba285f2,517055,207,https://datatur.sectur.gob.mx/Documentoscompartidos/monitoreo/2024_Semana_44.zip,2026-09-28T18:37:35Z,
D2 DataTur ocupación hotelera,datos/bronze/datatur/2026-09-28/hoteleria/2024_Semana_45.zip,e6b89e1aa2d2f97437284429f38c53b8d24ef59354185ed79f277c5a0b472610,514933,208,https://datatur.sectur.gob.mx/Documentoscompartidos/monitoreo/2024_Semana_45.zip,2026-09-28T18:37:36Z,
D2 DataTur ocupación hotelera,datos/bronze/datatur/2026-09-28/hoteleria/2024_Semana_46.zip,7486f748da049cc2c48ebbf16c02f458cfdf8f2d9fe0abc36621f958a415af1b,519759,208,https://datatur.sectur.gob.mx/Documentoscompartidos/monitoreo/2024_Semana_46.zip,2026-09-28T18:37:36Z,
D2 DataTur ocupación hotelera,datos/bronze/datatur/2026-09-28/hoteleria/2024_Semana_47.zip,30005a0cf4bc614f51bcff569089f6d8d96c1fc094a7a4e9d36eadc561b0d1e5,519200,208,https://datatur.sectur.gob.mx/Documentoscompartidos/monitoreo/2024_Semana_47.zip,2026-09-28T18:37:36Z,
D2 DataTur ocupación hotelera,datos/bronze/datatur/2026-09-28/hoteleria/2024_Semana_48.zip,39338c1c538451292d74986b130fb3cb0750f603b2961ee538c08923fbbafa06,514519,208,https://datatur.sectur.gob.mx/Documentoscompartidos/monitoreo/2024_Semana_48.zip,2026-09-28T18:37:36Z,
D2 DataTur ocupación hotelera,datos/bronze/datatur/2026-09-28/hoteleria/2024_Semana_49.zip,0f31c9070e10bd43e705fe4ab035cfaebe453c38055e4a59855bb3e5224e2424,511474,208,https://datatur.sectur.gob.mx/Documentoscompartidos/monitoreo/2024_Semana_49.zip,2026-09-28T18:37:36Z,
D2 DataTur ocupación hotelera,datos/bronze/datatur/2026-09-28/hoteleria/2024_Semana_50.zip,bbc3c504ca8fe138c5440cdf23b28d20cd0cdae6ebe275f22a3aaebebd73bca2,509926,207,https://datatur.sectur.gob.mx/Documentoscompartidos/monitoreo/2024_Semana_50.zip,2026-09-28T18:37:37Z,
D2 DataTur ocupación hotelera,datos/bronze/datatur/2026-09-28/hoteleria/2024_Semana_51.zip,bd62d15d76a528dff02fbbc25dbd0a8b7faa998e2ac59dbe07c9977acf73766e,520548,206,https://datatur.sectur.gob.mx/Documentoscompartidos/monitoreo/2024_Semana_51.zip,2026-09-28T18:37:37Z,
D2 DataTur ocupación hotelera,datos/bronze/datatur/2026-09-28/hoteleria/2024_Semana_52.zip,8c849234dafa9edb85c7811b5a3bc62ed7a2d2d5f04ea5fca4ca9afe9e75ea60,523079,206,https://datatur.sectur.gob.mx/Documentoscompartidos/monitoreo/2024_Semana_52.zip,2026-09-28T18:37:37Z,
D2 DataTur ocupación hotelera,datos/bronze/datatur/2026-09-28/hoteleria/2025-MES_01_Publico.zip,895a5bef333f5b2188db1b32f93e9c973213fa41c5ea9b4a7689118b688f11bd,407377,104,https://datatur.sectur.gob.mx/Documentoscompartidos/monitoreo/2025-MES_01_Publico.zip,2026-09-28T18:37:37Z,
D2 DataTur ocupación hotelera,datos/bronze/datatur/2026-09-28/hoteleria/2025-MES_02_Publico.zip,2510b24be22ad590a0bf3e806dbf1b20d738b6e94f9fe64f84aee384d3ad5dc2,327220,207,https://datatur.sectur.gob.mx/Documentoscompartidos/monitoreo/2025-MES_02_Publico.zip,2026-09-28T18:37:37Z,
D2 DataTur ocupación hotelera,datos/bronze/datatur/2026-09-28/hoteleria/2025-MES_03_Publico.zip,02e04db05fe8e250f650027ad0230ace37fee440307f3bfbb0bc185e6e6535e4,400863,207,https://datatur.sectur.gob.mx/Documentoscompartidos/monitoreo/2025-MES_03_Publico.zip,2026-09-28T18:37:38Z,
D2 DataTur ocupación hotelera,datos/bronze/datatur/2026-09-28/hoteleria/2025-MES_04_Publico.zip,addb13beeaf870f87ea6e4ae8accc07812d6ac0f6f19b0d052bb854b86f960a9,400034,207,https://datatur.sectur.gob.mx/Documentoscompartidos/monitoreo/2025-MES_04_Publico.zip,2026-09-28T18:37:38Z,
D2 DataTur ocupación hotelera,datos/bronze/datatur/2026-09-28/hoteleria/2025-MES_05_Publico.zip,1cf58c0a1c2c1a8f55209ac9550155a8bd694c4f51e4f7343c52504e8ac625f7,400682,207,https://datatur.sectur.gob.mx/Documentoscompartidos/monitoreo/2025-MES_05_Publico.zip,2026-09-28T18:37:38Z,
D2 DataTur ocupación hotelera,datos/bronze/datatur/2026-09-28/hoteleria/2025-MES_06_Publico.zip,cd403620f9728dd81c1a89e567bbd0830e7be05a499cf446d9e2650a4be52b02,401013,207,https://datatur.sectur.gob.mx/Documentoscompartidos/monitoreo/2025-MES_06_Publico.zip,2026-09-28T18:37:38Z,
D2 DataTur ocupación hotelera,datos/bronze/datatur/2026-09-28/hoteleria/2025-MES_07_Publico.zip,57e86b3805f71b8e15eaff2fc0c19d75b6e490c76da34e90d903f65a74c4987a,401122,205,https://datatur.sectur.gob.mx/Documentoscompartidos/monitoreo/2025-MES_07_Publico.zip,2026-09-28T18:37:38Z,
D2 DataTur ocupación hotelera,datos/bronze/datatur/2026-09-28/hoteleria/2025-MES_08_Publico.zip,223f2ab695897a9592b25d1978e86888ace3ccc19d5bc9fb4e8377ab705578b2,401518,205,https://datatur.sectur.gob.mx/Documentoscompartidos/monitoreo/2025-MES_08_Publico.zip,2026-09-28T18:37:39Z,
D2 DataTur ocupación hotelera,datos/bronze/datatur/2026-09-28/hoteleria/2025-MES_09_Publico.zip,736796bd5b8d321283e9cb8e5e0e13e274c78f303d3448d837e2efa166747e57,401600,207,https://datatur.sectur.gob.mx/Documentoscompartidos/monitoreo/2025-MES_09_Publico.zip,2026-09-28T18:37:39Z,
D2 DataTur ocupación hotelera,datos/bronze/datatur/2026-09-28/hoteleria/2025-MES_10_Publico.zip,202bd00d21631c2179078085809b46a064c13b47d0e3c69f1bc4cbea5d11882e,401463,209,https://datatur.sectur.gob.mx/Documentoscompartidos/monitoreo/2025-MES_10_Publico.zip,2026-09-28T18:37:39Z,
D2 DataTur ocupación hotelera,datos/bronze/datatur/2026-09-28/hoteleria/2025-MES_11_Publico.zip,bea713872dee5a619bfad7c5efa8d8b484a9293acca40e54b2cf307002c2bf75,403005,209,https://datatur.sectur.gob.mx/Documentoscompartidos/monitoreo/2025-MES_11_Publico.zip,2026-09-28T18:37:39Z,
D2 DataTur ocupación hotelera,datos/bronze/datatur/2026-09-28/hoteleria/2025-MES_12_Publico.zip,bfe04c2592c0fb5cb822857239feeff74c21b0fe6ea4951ba74c9ad54daa393a,450722,275,https://datatur.sectur.gob.mx/Documentoscompartidos/monitoreo/2025-MES_12_Publico.zip,2026-09-28T18:37:39Z,
D2 DataTur ocupación hotelera,datos/bronze/datatur/2026-09-28/hoteleria/2025_Semana_01.zip,5b900b1ba257d187e3daa81ecb2884a7977dc7ce49e2f36e3c0fd55236ad3a7e,452657,103,https://datatur.sectur.gob.mx/Documentoscompartidos/monitoreo/2025_Semana_01.zip,2026-09-28T18:37:40Z,
D2 DataTur ocupación hotelera,datos/bronze/datatur/2026-09-28/hoteleria/2025_Semana_02.zip,12a89e9f3e1f74910dec5991fced265d2930b7c1deab808ef3ee7239fab82667,474210,207,https://datatur.sectur.gob.mx/Documentoscompartidos/monitoreo/2025_Semana_02.zip,2026-09-28T18:37:40Z,
D2 DataTur ocupación hotelera,datos/bronze/datatur/2026-09-28/hoteleria/2025_Semana_03.zip,457cc6304a86dbbbc45472c87bfaccf58180fbfb20c9e9ec08a4dc6911ca0862,403628,206,https://datatur.sectur.gob.mx/Documentoscompartidos/monitoreo/2025_Semana_03.zip,2026-09-28T18:37:40Z,
D2 DataTur ocupación hotelera,datos/bronze/datatur/2026-09-28/hoteleria/2025_Semana_04.zip,9f80e8110d58b46c1fef83e06bb16c077f030d7f39da28b7c680f2f9c9cc606c,403140,206,https://datatur.sectur.gob.mx/Documentoscompartidos/monitoreo/2025_Semana_04.zip,2026-09-28T18:37:40Z,
D2 DataTur ocupación hotelera,datos/bronze/datatur/2026-09-28/hoteleria/2025_Semana_05.zip,18ce561e0bc9af4025aa96c8cf3ed74e24d904e661891f5ea10c94e503f070bf,403797,206,https://datatur.sectur.gob.mx/Documentoscompartidos/monitoreo/2025_Semana_05.zip,2026-09-28T18:37:40Z,
D2 DataTur ocupación hotelera,datos/bronze/datatur/2026-09-28/hoteleria/2025_Semana_06.zip,f6b6b42170cb17bdb1277b3eccbf89ccc241eba865644f0949117de0876fa3fd,299112,206,https://datatur.sectur.gob.mx/Documentoscompartidos/monitoreo/2025_Semana_06.zip,2026-09-28T18:37:40Z,
D2 DataTur ocupación hotelera,datos/bronze/datatur/2026-09-28/hoteleria/2025_Semana_07.zip,2bedf5f3f5bbf94a679ab22821ca43b605a490cfdcb5ecb34ab2f940a3329bca,404677,206,https://datatur.sectur.gob.mx/Documentoscompartidos/monitoreo/2025_Semana_07.zip,2026-09-28T18:37:41Z,
D2 DataTur ocupación hotelera,datos/bronze/datatur/2026-09-28/hoteleria/2025_Semana_08.zip,9400e0a6d0cd8150f62271817136d41667ce3d746c2f44b29d9ead2ffce009a9,404155,206,https://datatur.sectur.gob.mx/Documentoscompartidos/monitoreo/2025_Semana_08.zip,2026-09-28T18:37:41Z,
D2 DataTur ocupación hotelera,datos/bronze/datatur/2026-09-28/hoteleria/2025_Semana_09.zip,50bc2578fac8dc3ffa3e97e1a1b02fd0b5390d6037198404b86e88c57d9d71a4,405124,206,https://datatur.sectur.gob.mx/Documentoscompartidos/monitoreo/2025_Semana_09.zip,2026-09-28T18:37:41Z,
D2 DataTur ocupación hotelera,datos/bronze/datatur/2026-09-28/hoteleria/2025_Semana_10.zip,75b208b5574434937955165270e98aa0eefb98499a9f74ff0fef6c7ae3a3373c,311103,206,https://datatur.sectur.gob.mx/Documentoscompartidos/monitoreo/2025_Semana_10.zip,2026-09-28T18:37:41Z,
D2 DataTur ocupación hotelera,datos/bronze/datatur/2026-09-28/hoteleria/2025_Semana_11.zip,0c40ef995b7d406ac5fac2ed6c06e46bbde65e64da848620392f310703820cbe,319021,206,https://datatur.sectur.gob.mx/Documentoscompartidos/monitoreo/2025_Semana_11.zip,2026-09-28T18:37:41Z,
D2 DataTur ocupación hotelera,datos/bronze/datatur/2026-09-28/hoteleria/2025_Semana_12.zip,94a1906216636d148adfeea287402e23b957e348a53465162f3d116900af8a1d,365470,206,https://datatur.sectur.gob.mx/Documentoscompartidos/monitoreo/2025_Semana_12.zip,2026-09-28T18:37:42Z,
D2 DataTur ocupación hotelera,datos/bronze/datatur/2026-09-28/hoteleria/2025_Semana_13.zip,20615dc111ee18d9538476c814d49bbd2ec2c9f6eae86a0915de601f1f3791c7,319267,206,https://datatur.sectur.gob.mx/Documentoscompartidos/monitoreo/2025_Semana_13.zip,2026-09-28T18:37:42Z,
D2 DataTur ocupación hotelera,datos/bronze/datatur/2026-09-28/hoteleria/2025_Semana_14.zip,bf924bae2f2a3f3fb281308caaeed2c3a07b3d9441b54b52b478447e46555448,368365,206,https://datatur.sectur.gob.mx/Documentoscompartidos/monitoreo/2025_Semana_14.zip,2026-09-28T18:37:42Z,
D2 DataTur ocupación hotelera,datos/bronze/datatur/2026-09-28/hoteleria/2025_Semana_15.zip,447e840eacb138154ed8d93c4223b01ca8af0dfe1c8b1ff6acf24fff1cb044f1,368335,206,https://datatur.sectur.gob.mx/Documentoscompartidos/monitoreo/2025_Semana_15.zip,2026-09-28T18:37:42Z,
D2 DataTur ocupación hotelera,datos/bronze/datatur/2026-09-28/hoteleria/2025_Semana_16.zip,cb176c76098e63c5e77db601a5d4c0d63dd28040adb8a251d406db4797a9492c,318675,206,https://datatur.sectur.gob.mx/Documentoscompartidos/monitoreo/2025_Semana_16.zip,2026-09-28T18:37:43Z,
D2 DataTur ocupación hotelera,datos/bronze/datatur/2026-09-28/hoteleria/2025_Semana_17.zip,6fba4203dd84f73399a9b9ea979abbab083642fef2f1742d7f8bd00cbb5b9e7b,319612,206,https://datatur.sectur.gob.mx/Documentoscompartidos/monitoreo/2025_Semana_17.zip,2026-09-28T18:37:43Z,
D2 DataTur ocupación hotelera,datos/bronze/datatur/2026-09-28/hoteleria/2025_Semana_18.zip,e9f2ea71d12813cf36dde8ef88d06e91c2ae59fc2b145e6b8edf27f06835a790,439139,321,https://datatur.sectur.gob.mx/Documentoscompartidos/monitoreo/2025_Semana_18.zip,2026-09-28T18:37:43Z,
D2 DataTur ocupación hotelera,datos/bronze/datatur/2026-09-28/hoteleria/2025_Semana_19.zip,712e92c73e395471442154f184e56d3642a7a105bf9637139cd39d5ef5b2d7b1,402481,206,https://datatur.sectur.gob.mx/Documentoscompartidos/monitoreo/2025_Semana_19.zip,2026-09-28T18:37:43Z,
D2 DataTur ocupación hotelera,datos/bronze/datatur/2026-09-28/hoteleria/2025_Semana_20.zip,8530feea2694e969ea9bbc1a93f5bddae26625454e3cd08d0e6d1401d14ab130,401645,206,https://datatur.sectur.gob.mx/Documentoscompartidos/monitoreo/2025_Semana_20.zip,2026-09-28T18:37:43Z,
D2 DataTur ocupación hotelera,datos/bronze/datatur/2026-09-28/hoteleria/2025_Semana_21.zip,3eac7801a291ffdba77aed97ed05e69fa0e349b801185045806bd1d23c21d195,403098,206,https://datatur.sectur.gob.mx/Documentoscompartidos/monitoreo/2025_Semana_21.zip,2026-09-28T18:37:44Z,
D2 DataTur ocupación hotelera,datos/bronze/datatur/2026-09-28/hoteleria/2025_Semana_22.zip,89b5473e31a48b2dadfd3b51372bfcd42644ac9c689af904755cfb8ae99e2ee8,403106,206,https://datatur.sectur.gob.mx/Documentoscompartidos/monitoreo/2025_Semana_22.zip,2026-09-28T18:37:44Z,
D2 DataTur ocupación hotelera,datos/bronze/datatur/2026-09-28/hoteleria/2025_Semana_23.zip,7cf8becde02ebc33875919e9c11d0e73ae89788ca5765ccdca4afee0e6fa23cd,402953,206,https://datatur.sectur.gob.mx/Documentoscompartidos/monitoreo/2025_Semana_23.zip,2026-09-28T18:37:44Z,
D2 DataTur ocupación hotelera,datos/bronze/datatur/2026-09-28/hoteleria/2025_Semana_24.zip,f02ae9566401fb0df9e66895b995ae3066ed531942c2d98c8975a80c595b29dc,402274,206,https://datatur.sectur.gob.mx/Documentoscompartidos/monitoreo/2025_Semana_24.zip,2026-09-28T18:37:44Z,
D2 DataTur ocupación hotelera,datos/bronze/datatur/2026-09-28/hoteleria/2025_Semana_25.zip,90f69477ab10e869235c8f611c263d7f19aa751b790da51a779cd3e567d08e3b,401957,206,https://datatur.sectur.gob.mx/Documentoscompartidos/monitoreo/2025_Semana_25.zip,2026-09-28T18:37:45Z,
D2 DataTur ocupación hotelera,datos/bronze/datatur/2026-09-28/hoteleria/2025_Semana_26.zip,aa120cb1ec36a7bb33157956427f5dda83981d7a2679a20f7f89c054a75abebc,402796,206,https://datatur.sectur.gob.mx/Documentoscompartidos/monitoreo/2025_Semana_26.zip,2026-09-28T18:37:45Z,
D2 DataTur ocupación hotelera,datos/bronze/datatur/2026-09-28/hoteleria/2025_Semana_27.zip,12617098570aa2d46ad9d94e14c55cf65754a43ed34bdd910c16eb7af86e0855,352489,224,https://datatur.sectur.gob.mx/Documentoscompartidos/monitoreo/2025_Semana_27.zip,2026-09-28T18:37:45Z,
D2 DataTur ocupación hotelera,datos/bronze/datatur/2026-09-28/hoteleria/2025_Semana_28.zip,2770cc12aff66108e34b68a90fe10abc1349fcd4dee16a48383e80b3226a53b7,355189,204,https://datatur.sectur.gob.mx/Documentoscompartidos/monitoreo/2025_Semana_28.zip,2026-09-28T18:37:45Z,
D2 DataTur ocupación hotelera,datos/bronze/datatur/2026-09-28/hoteleria/2025_Semana_29.zip,3a80fad6ca6c2d4e95ccb3b6abb5b64cc4c09f5f4e91de4955b966fe2489e072,355770,204,https://datatur.sectur.gob.mx/Documentoscompartidos/monitoreo/2025_Semana_29.zip,2026-09-28T18:37:45Z,
D2 DataTur ocupación hotelera,datos/bronze/datatur/2026-09-28/hoteleria/2025_Semana_30.zip,bc510d006aa692f722403b08e8da6a960d4f640d61a230c5329dc0e22a47eddc,354836,204,https://datatur.sectur.gob.mx/Documentoscompartidos/monitoreo/2025_Semana_30.zip,2026-09-28T18:37:46Z,
D2 DataTur ocupación hotelera,datos/bronze/datatur/2026-09-28/hoteleria/2025_Semana_31.zip,466a24a3bfcfc60bb1f0b47f7573d7018a16a4c86a96f1389fac610d0a13a6f1,355455,204,https://datatur.sectur.gob.mx/Documentoscompartidos/monitoreo/2025_Semana_31.zip,2026-09-28T18:37:46Z,
D2 DataTur ocupación hotelera,datos/bronze/datatur/2026-09-28/hoteleria/2025_Semana_32.zip,763991ff454a78703627ced846bbcf3c52767dea1f2cd327d937ace9615a2fb7,184133,206,https://datatur.sectur.gob.mx/Documentoscompartidos/monitoreo/2025_Semana_32.zip,2026-09-28T18:37:46Z,
D2 DataTur ocupación hotelera,datos/bronze/datatur/2026-09-28/hoteleria/2025_Semana_33.zip,6676e88d740c9f4d128ff3705f842ce58d4d434ca7300dc0f40db791465d4f8a,184702,206,https://datatur.sectur.gob.mx/Documentoscompartidos/monitoreo/2025_Semana_33.zip,2026-09-28T18:37:46Z,
D2 DataTur ocupación hotelera,datos/bronze/datatur/2026-09-28/hoteleria/2025_Semana_34.zip,1323f5d980de107c0dba79454af9ab95ee1f65ded6b985e9965365023ba8659a,184818,206,https://datatur.sectur.gob.mx/Documentoscompartidos/monitoreo/2025_Semana_34.zip,2026-09-28T18:37:46Z,
D2 DataTur ocupación hotelera,datos/bronze/datatur/2026-09-28/hoteleria/2025_Semana_35.zip,fdb202e9c0afd552a3fa73aa52149c232b5b04c01b29698b917fc09ec679c6a0,184582,206,https://datatur.sectur.gob.mx/Documentoscompartidos/monitoreo/2025_Semana_35.zip,2026-09-28T18:37:47Z,
D2 DataTur ocupación hotelera,datos/bronze/datatur/2026-09-28/hoteleria/2025_Semana_36.zip,ff4f3296d1368b1ac84365d91317056ad2806dfd184b0db4f256f458c85c50c9,355668,208,https://datatur.sectur.gob.mx/Documentoscompartidos/monitoreo/2025_Semana_36.zip,2026-09-28T18:37:47Z,
D2 DataTur ocupación hotelera,datos/bronze/datatur/2026-09-28/hoteleria/2025_Semana_37.zip,556ffaa680fb199a6c8b868028afaa0a4fc6cecd78a93ce2d0c321a06cd78b0c,355877,208,https://datatur.sectur.gob.mx/Documentoscompartidos/monitoreo/2025_Semana_37.zip,2026-09-28T18:37:47Z,
D2 DataTur ocupación hotelera,datos/bronze/datatur/2026-09-28/hoteleria/2025_Semana_38.zip,c2e145e7997337295664d6a4746024692459b5012144eb0908a59dc4cf7ee592,356127,208,https://datatur.sectur.gob.mx/Documentoscompartidos/monitoreo/2025_Semana_38.zip,2026-09-28T18:37:47Z,
D2 DataTur ocupación hotelera,datos/bronze/datatur/2026-09-28/hoteleria/2025_Semana_39.zip,758cd57168d74f2912b1da8ea921ba70f9fcb74fcc9e7621cf8a7971e913f126,355788,208,https://datatur.sectur.gob.mx/Documentoscompartidos/monitoreo/2025_Semana_39.zip,2026-09-28T18:37:47Z,
D2 DataTur ocupación hotelera,datos/bronze/datatur/2026-09-28/hoteleria/2025_Semana_40.zip,13e0a4bf10fbdc8055fe031b235f13e730ff1424f6954d6d89820c4245b1361f,355365,210,https://datatur.sectur.gob.mx/Documentoscompartidos/monitoreo/2025_Semana_40.zip,2026-09-28T18:37:47Z,
D2 DataTur ocupación hotelera,datos/bronze/datatur/2026-09-28/hoteleria/2025_Semana_41.zip,e145d9d62545e6aeb25caad08902e624eb2734906eb7105999d16d3f8538b0e2,356625,210,https://datatur.sectur.gob.mx/Documentoscompartidos/monitoreo/2025_Semana_41.zip,2026-09-28T18:37:48Z,
D2 DataTur ocupación hotelera,datos/bronze/datatur/2026-09-28/hoteleria/2025_Semana_42.zip,ad549db999224d0eef8b805f68b91373ed17b9e837b2e773313ab7415997dcbb,355755,210,https://datatur.sectur.gob.mx/Documentoscompartidos/monitoreo/2025_Semana_42.zip,2026-09-28T18:37:48Z,
D2 DataTur ocupación hotelera,datos/bronze/datatur/2026-09-28/hoteleria/2025_Semana_43.zip,783b189052ebe57c888a32edfe1596e661e3822bfdcc6e1af97233b5c2d3894d,356215,210,https://datatur.sectur.gob.mx/Documentoscompartidos/monitoreo/2025_Semana_43.zip,2026-09-28T18:37:48Z,
D2 DataTur ocupación hotelera,datos/bronze/datatur/2026-09-28/hoteleria/2025_Semana_44.zip,975fa38ffd960f19aacbb3baaba903bad3240cc9bd8f505db2941a0bec1106a9,355785,210,https://datatur.sectur.gob.mx/Documentoscompartidos/monitoreo/2025_Semana_44.zip,2026-09-28T18:37:48Z,
D2 DataTur ocupación hotelera,datos/bronze/datatur/2026-09-28/hoteleria/2025_Semana_45.zip,c9ec2bd4f961be889ce767a439d6dedbc2d7228f1276674ee501333fd53b3056,356382,208,https://datatur.sectur.gob.mx/Documentoscompartidos/monitoreo/2025_Semana_45.zip,2026-09-28T18:37:48Z,
D2 DataTur ocupación hotelera,datos/bronze/datatur/2026-09-28/hoteleria/2025_Semana_46.zip,dabd17ed2a0a12ab8a83e8467453aa203423fffe63aca07568507ec9fea57bf3,356590,208,https://datatur.sectur.gob.mx/Documentoscompartidos/monitoreo/2025_Semana_46.zip,2026-09-28T18:37:49Z,
D2 DataTur ocupación hotelera,datos/bronze/datatur/2026-09-28/hoteleria/2025_Semana_47.zip,e6d92ab97df90347789702fa4d39a29b1bf7a1b859630b71cfe964907660e093,356837,208,https://datatur.sectur.gob.mx/Documentoscompartidos/monitoreo/2025_Semana_47.zip,2026-09-28T18:37:49Z,
D2 DataTur ocupación hotelera,datos/bronze/datatur/2026-09-28/hoteleria/2025_Semana_48.zip,4bec1fb4410cbe510b6961cf2b6b50c2262b4cb69a3ce91842122a2e450f7a5a,356013,208,https://datatur.sectur.gob.mx/Documentoscompartidos/monitoreo/2025_Semana_48.zip,2026-09-28T18:37:49Z,
D2 DataTur ocupación hotelera,datos/bronze/datatur/2026-09-28/hoteleria/2025_Semana_49.zip,d20e2684d4618b39de20a985fc9a678aa3f0295093a358499def590e2c9b0767,355986,208,https://datatur.sectur.gob.mx/Documentoscompartidos/monitoreo/2025_Semana_49.zip,2026-09-28T18:37:49Z,
D2 DataTur ocupación hotelera,datos/bronze/datatur/2026-09-28/hoteleria/2025_Semana_50.zip,f3db370e07c05469e59f4b74f5d4a905c0ce533faba37e6e239c7b912691c6ac,355264,208,https://datatur.sectur.gob.mx/Documentoscompartidos/monitoreo/2025_Semana_50.zip,2026-09-28T18:37:49Z,
D2 DataTur ocupación hotelera,datos/bronze/datatur/2026-09-28/hoteleria/2025_Semana_51.zip,cf516a4aefaec9f8a622dce4409c9e44e1c31e1ea56fa7657159d9b4259e27ca,356441,208,https://datatur.sectur.gob.mx/Documentoscompartidos/monitoreo/2025_Semana_51.zip,2026-09-28T18:37:49Z,
D2 DataTur ocupación hotelera,datos/bronze/datatur/2026-09-28/hoteleria/2025_Semana_52.zip,9e1417623a7253be1796145c79611d0a4a469e9bbd3d45d7854f211efa83e104,356183,208,https://datatur.sectur.gob.mx/Documentoscompartidos/monitoreo/2025_Semana_52.zip,2026-09-28T18:37:50Z,
D2 DataTur ocupación hotelera,datos/bronze/datatur/2026-09-28/hoteleria/2026-MES_01_Publico.zip,3a9a4a4aae77f1dc39b37107a1f4e8daaecafc8269e7ad58cf3ce0e53221736a,562042,209,https://datatur.sectur.gob.mx/Documentoscompartidos/monitoreo/2026-MES_01_Publico.zip,2026-09-28T18:37:50Z,
D2 DataTur ocupación hotelera,datos/bronze/datatur/2026-09-28/hoteleria/2026-MES_02_Publico.zip,27f994887032573049102ecd38db2258e54cad8a1bd23e51cfc6c2b3be02c93e,567393,209,https://datatur.sectur.gob.mx/Documentoscompartidos/monitoreo/2026-MES_02_Publico.zip,2026-09-28T18:37:50Z,
D2 DataTur ocupación hotelera,datos/bronze/datatur/2026-09-28/hoteleria/2026-MES_03_Publico.zip,81a3fa44e2d9d98ab4b4bdea03d079ad3e9f2da44eaf510da5a68a92d082bbae,567869,209,https://datatur.sectur.gob.mx/Documentoscompartidos/monitoreo/2026-MES_03_Publico.zip,2026-09-28T18:37:50Z,
D2 DataTur ocupación hotelera,datos/bronze/datatur/2026-09-28/hoteleria/2026-MES_04_Publico.zip,ec005b51bcad166f3bd67d4b9057341fe5b2864af29daabbd30234f1a231f5ad,567864,209,https://datatur.sectur.gob.mx/Documentoscompartidos/monitoreo/2026-MES_04_Publico.zip,2026-09-28T18:37:50Z,
D2 DataTur ocupación hotelera,datos/bronze/datatur/2026-09-28/hoteleria/2026-MES_05_Publico.zip,0d1afda3eace722c2ca6cef97b7f758a8c087e0e9d990f779df3d095e34c24be,568047,209,https://datatur.sectur.gob.mx/Documentoscompartidos/monitoreo/2026-MES_05_Publico.zip,2026-09-28T18:37:51Z,
D2 DataTur ocupación hotelera,datos/bronze/datatur/2026-09-28/hoteleria/2026-MES_06_Publico.zip,dd14f8f4899d5d96439617d98e5b7ba000dec04900e0afa5fbfba2f24d8845ff,568494,209,https://datatur.sectur.gob.mx/Documentoscompartidos/monitoreo/2026-MES_06_Publico.zip,2026-09-28T18:37:51Z,
D2 DataTur ocupación hotelera,datos/bronze/datatur/2026-09-28/hoteleria/2026-MES_07_Publico.zip,f7dd18d517281cedd2a7ee7e53cb8bbeb74273cb38187516a711c49cf3dfa52a,568389,209,https://datatur.sectur.gob.mx/Documentoscompartidos/monitoreo/2026-MES_07_Publico.zip,2026-09-28T18:37:51Z,
D2 DataTur ocupación hotelera,datos/bronze/datatur/2026-09-28/hoteleria/2026_Semana_01.zip,334ccaebe02effd7c41399d4fa8c0f7995c924d0403811c718e3dd70890578b7,468083,206,https://datatur.sectur.gob.mx/Documentoscompartidos/monitoreo/2026_Semana_01.zip,2026-09-28T18:37:51Z,
D2 DataTur ocupación hotelera,datos/bronze/datatur/2026-09-28/hoteleria/2026_Semana_02.zip,0d73f2fb21c3507de0c0bf63908381b301878125bce4f2d3e68faa30df6d60af,469815,206,https://datatur.sectur.gob.mx/Documentoscompartidos/monitoreo/2026_Semana_02.zip,2026-09-28T18:37:52Z,
D2 DataTur ocupación hotelera,datos/bronze/datatur/2026-09-28/hoteleria/2026_Semana_03.zip,be001f7154537714eb0847e165717c8c1db9a7b26af5be009f46415970374553,470700,206,https://datatur.sectur.gob.mx/Documentoscompartidos/monitoreo/2026_Semana_03.zip,2026-09-28T18:37:52Z,
D2 DataTur ocupación hotelera,datos/bronze/datatur/2026-09-28/hoteleria/2026_Semana_04.zip,8c893d5250f2ba0638b0bf1ec60709875f61794a413e563297f394e8cf60e840,469333,206,https://datatur.sectur.gob.mx/Documentoscompartidos/monitoreo/2026_Semana_04.zip,2026-09-28T18:37:52Z,
D2 DataTur ocupación hotelera,datos/bronze/datatur/2026-09-28/hoteleria/2026_Semana_05.zip,ce53397a534ed5c808d62a328c04b8a3787ef16901ec7ab9e5be576993a853ad,470068,206,https://datatur.sectur.gob.mx/Documentoscompartidos/monitoreo/2026_Semana_05.zip,2026-09-28T18:37:52Z,
D2 DataTur ocupación hotelera,datos/bronze/datatur/2026-09-28/hoteleria/2026_Semana_06.zip,c340a5f573e27228c48c689bcf4d424e34be1ca4d20ee3b89b18e63af5e9d077,428923,208,https://datatur.sectur.gob.mx/Documentoscompartidos/monitoreo/2026_Semana_06.zip,2026-09-28T18:37:52Z,
D2 DataTur ocupación hotelera,datos/bronze/datatur/2026-09-28/hoteleria/2026_Semana_07.zip,5ddc5acb71ec575a6d0aadcd2a4e42133f9bd78cf015625040ffe9154c2493e1,429200,208,https://datatur.sectur.gob.mx/Documentoscompartidos/monitoreo/2026_Semana_07.zip,2026-09-28T18:37:53Z,
D2 DataTur ocupación hotelera,datos/bronze/datatur/2026-09-28/hoteleria/2026_Semana_08.zip,0d646b1a930d66322eabecca1a63f26ec59c3acb934185b4aecc889ff294e9aa,428376,208,https://datatur.sectur.gob.mx/Documentoscompartidos/monitoreo/2026_Semana_08.zip,2026-09-28T18:37:53Z,
D2 DataTur ocupación hotelera,datos/bronze/datatur/2026-09-28/hoteleria/2026_Semana_09.zip,33cda2c26f1766e58acdb9f9efcb0d446f4e9e490784a28a81cab77d8182db8a,429246,208,https://datatur.sectur.gob.mx/Documentoscompartidos/monitoreo/2026_Semana_09.zip,2026-09-28T18:37:53Z,
D2 DataTur ocupación hotelera,datos/bronze/datatur/2026-09-28/hoteleria/2026_Semana_10.zip,f59ee1cf3e55bd8179ee62e1a473d3cec7b844b723339afba0acedcbf24f9f18,428826,206,https://datatur.sectur.gob.mx/Documentoscompartidos/monitoreo/2026_Semana_10.zip,2026-09-28T18:37:53Z,
D2 DataTur ocupación hotelera,datos/bronze/datatur/2026-09-28/hoteleria/2026_Semana_11.zip,e11358958afb82704494e14efc36d56e835ba2333f21e20ef04d863c528beb6f,429218,206,https://datatur.sectur.gob.mx/Documentoscompartidos/monitoreo/2026_Semana_11.zip,2026-09-28T18:37:53Z,
D2 DataTur ocupación hotelera,datos/bronze/datatur/2026-09-28/hoteleria/2026_Semana_12.zip,f596a450b2bee7cac6cd0ca83befa218d359e7a0056cf35345ecf4ee68b2da3d,429210,206,https://datatur.sectur.gob.mx/Documentoscompartidos/monitoreo/2026_Semana_12.zip,2026-09-28T18:37:54Z,
D2 DataTur ocupación hotelera,datos/bronze/datatur/2026-09-28/hoteleria/2026_Semana_13.zip,f5f8952473a23a993a797f70449ee2a5835cce9d1fdda01e466bc1b51a955708,429196,206,https://datatur.sectur.gob.mx/Documentoscompartidos/monitoreo/2026_Semana_13.zip,2026-09-28T18:37:54Z,
D2 DataTur ocupación hotelera,datos/bronze/datatur/2026-09-28/hoteleria/2026_Semana_14.zip,ea83134b7c576ed578a593015445211f04636e392485ce8e0d30d639cb75daac,429308,206,https://datatur.sectur.gob.mx/Documentoscompartidos/monitoreo/2026_Semana_14.zip,2026-09-28T18:37:54Z,
D2 DataTur ocupación hotelera,datos/bronze/datatur/2026-09-28/hoteleria/2026_Semana_15.zip,88aa601f40208371a4fd9677b4f5370cc17263ae4a476eb51fdebb83a188329a,429223,206,https://datatur.sectur.gob.mx/Documentoscompartidos/monitoreo/2026_Semana_15.zip,2026-09-28T18:37:54Z,
D2 DataTur ocupación hotelera,datos/bronze/datatur/2026-09-28/hoteleria/2026_Semana_16.zip,13e6176c648ad7b748d0dcf14e194dfff442e4db592bc833c4143041ba5bda5c,428367,206,https://datatur.sectur.gob.mx/Documentoscompartidos/monitoreo/2026_Semana_16.zip,2026-09-28T18:37:54Z,
D2 DataTur ocupación hotelera,datos/bronze/datatur/2026-09-28/hoteleria/2026_Semana_17.zip,82365b6b257f46c07ef5e8ec894b78de740e2c87819d365b7657ad93e6ac4a53,429648,206,https://datatur.sectur.gob.mx/Documentoscompartidos/monitoreo/2026_Semana_17.zip,2026-09-28T18:37:55Z,
D2 DataTur ocupación hotelera,datos/bronze/datatur/2026-09-28/hoteleria/2026_Semana_18.zip,9cb5c95fcabaec507b676258ec7dc89b876923751d4e86f89193b4b0345ddc4e,429011,206,https://datatur.sectur.gob.mx/Documentoscompartidos/monitoreo/2026_Semana_18.zip,2026-09-28T18:37:55Z,
D2 DataTur ocupación hotelera,datos/bronze/datatur/2026-09-28/hoteleria/2026_Semana_19.zip,c8860ba3301500a677e220fde15eee1606715f3893646a32433ee3de7254b3ae,429415,206,https://datatur.sectur.gob.mx/Documentoscompartidos/monitoreo/2026_Semana_19.zip,2026-09-28T18:37:55Z,
D2 DataTur ocupación hotelera,datos/bronze/datatur/2026-09-28/hoteleria/2026_Semana_20.zip,f23144bee908243e655da8139492bfb0bf3e57796f9cdddbe3189497fe8445ef,428849,206,https://datatur.sectur.gob.mx/Documentoscompartidos/monitoreo/2026_Semana_20.zip,2026-09-28T18:37:55Z,
D2 DataTur ocupación hotelera,datos/bronze/datatur/2026-09-28/hoteleria/2026_Semana_21.zip,4dd2352725a5c28a6e006c3bb43fa796918fd03755e84a611092c952608c41b8,429648,206,https://datatur.sectur.gob.mx/Documentoscompartidos/monitoreo/2026_Semana_21.zip,2026-09-28T18:37:55Z,
D2 DataTur ocupación hotelera,datos/bronze/datatur/2026-09-28/hoteleria/2026_Semana_22.zip,95079a7bfa2c4d0352acbb24498ffb0289b8e98fe2ccc72d24a38f490de13d5a,429334,206,https://datatur.sectur.gob.mx/Documentoscompartidos/monitoreo/2026_Semana_22.zip,2026-09-28T18:37:56Z,
D2 DataTur ocupación hotelera,datos/bronze/datatur/2026-09-28/hoteleria/2026_Semana_23.zip,e694e77bd3f5a49d32403b35386d724eae2a593d79dbd0de983573b878169f98,429023,206,https://datatur.sectur.gob.mx/Documentoscompartidos/monitoreo/2026_Semana_23.zip,2026-09-28T18:37:56Z,
D2 DataTur ocupación hotelera,datos/bronze/datatur/2026-09-28/hoteleria/2026_Semana_24.zip,fc320583172f54f9b6a3174d0d03f12f5b4a2d43740c76e2290b105035e4bc26,428714,206,https://datatur.sectur.gob.mx/Documentoscompartidos/monitoreo/2026_Semana_24.zip,2026-09-28T18:37:56Z,
D2 DataTur ocupación hotelera,datos/bronze/datatur/2026-09-28/hoteleria/2026_Semana_25.zip,9f094a68ae4c62bd6aaa2286cec0d8a31824be5e62c0d4dccd83432ee4e4f2f9,428655,206,https://datatur.sectur.gob.mx/Documentoscompartidos/monitoreo/2026_Semana_25.zip,2026-09-28T18:37:56Z,
D2 DataTur ocupación hotelera,datos/bronze/datatur/2026-09-28/hoteleria/2026_Semana_26.zip,9b5255d225acd9ab290715b7b231e75a4f4e5f12ade59af2d450e15e676ee0eb,429008,206,https://datatur.sectur.gob.mx/Documentoscompartidos/monitoreo/2026_Semana_26.zip,2026-09-28T18:37:56Z,
D2 DataTur ocupación hotelera,datos/bronze/datatur/2026-09-28/hoteleria/2026_Semana_27.zip,8b5d8d9fc1eeecfba1d479ba0cc2b24495869cd6dfb3d1dd55956a32ac637156,429360,206,https://datatur.sectur.gob.mx/Documentoscompartidos/monitoreo/2026_Semana_27.zip,2026-09-28T18:37:57Z,
D2 DataTur ocupación hotelera,datos/bronze/datatur/2026-09-28/hoteleria/2026_Semana_28.zip,7d842255d83fc09371d2e431e5e43bd7e8172375a52001b07606994f5c730e28,429306,206,https://datatur.sectur.gob.mx/Documentoscompartidos/monitoreo/2026_Semana_28.zip,2026-09-28T18:37:57Z,
D2 DataTur ocupación hotelera,datos/bronze/datatur/2026-09-28/hoteleria/2026_Semana_29.zip,dd1d1e31eae0bf3b4b5b417409f19209c9b40edaa37483176761e1da790561e0,429455,206,https://datatur.sectur.gob.mx/Documentoscompartidos/monitoreo/2026_Semana_29.zip,2026-09-28T18:37:57Z,
D2 DataTur ocupación hotelera,datos/bronze/datatur/2026-09-28/hoteleria/2026_Semana_30.zip,ba3a73a767278ded62e26ac9335ce6730a777aef98e8647869f80312838370b2,429142,206,https://datatur.sectur.gob.mx/Documentoscompartidos/monitoreo/2026_Semana_30.zip,2026-09-28T18:37:57Z,
D2 DataTur ocupación hotelera,datos/bronze/datatur/2026-09-28/hoteleria/2026_Semana_31.zip,073ce54e46490efc824ef6a867b0924ff4982061b5e008b0196b76a06de47e76,429883,206,https://datatur.sectur.gob.mx/Documentoscompartidos/monitoreo/2026_Semana_31.zip,2026-09-28T18:37:57Z,
D3 DataTur BD_Nacionalidad,datos/bronze/datatur/2026-09-28/nacionalidad/BD_Nacionalidad.zip,46b052482e7d1bf41bf50c557b69abbd198e9bcdd1d2f349a7b00d6bfd3d59a5,19041996,521364,https://datatur.sectur.gob.mx/Documentoscompartidos/upm/BD_Nacionalidad.zip,2026-09-28T18:38:00Z,
D4 DataTur BdINAH,datos/bronze/datatur/2026-09-28/inah/BdINAH.zip,332463707ee86d7e300e81df567b4e2fdf1e5d2e3ee17f7dc812b0d902f77f18,3121788,71562,https://datatur.sectur.gob.mx/Documentoscompartidos/museosyzonasarqueologicas/BdINAH.zip,2026-09-28T18:38:00Z,
D4 DataTur DB_AFAC,datos/bronze/datatur/2026-09-28/afac/DB_AFAC.zip,f80d074c457122cb9931b436f1a816fa6111f01ccf231597182ad9653a6effa1,731148,19578,https://datatur.sectur.gob.mx/Documentoscompartidos/afac/DB_AFAC.zip,2026-09-28T18:38:01Z,
D4 DataTur cruceros,datos/bronze/datatur/2026-09-28/cruceros/BaseDatosCruceros.zip,0be1d06249ca844f0b02b7db737f45d1d21a207c776413da1f6bcaef694d14b8,225681,3897,https://datatur.sectur.gob.mx/Documentoscompartidos/cruceros/BaseDatosCruceros.zip,2026-09-28T18:38:01Z,
D4 DataTur Compendio 2024,datos/bronze/datatur/2026-09-28/compendio/CETM2024.zip,73c12b2625d629d765f8c312e4323e8c4244f9dac5f2573a0ab46596d162044d,31273349,295191,https://datatur.sectur.gob.mx/Documentoscompartidos/compendio/CETM2024.zip,2026-09-28T18:38:05Z,
D5 Rest-Mex 2025,datos/bronze/restmex/2026-09-28/Rest-Mex_2025_train.csv,f12be6f3b4d7444f790cfded5999ae6e27575a5c34510ea09895b3a8d36a3fd1,89023123,208051,https://huggingface.co/datasets/vg055/Rest-Mex2025/resolve/main/Rest-Mex_2025_train.csv,2026-09-28T18:38:14Z,licencia CC-BY-4.0
D9 HURDAT2 NOAA,datos/bronze/huracanes/2026-09-28/hurdat2-1851-2025-091226.txt,df63fabce0ad824d20447e241bd27a2a65ae36cb2f9b62aa3caacd9171c34f11,7071568,57512,https://www.nhc.noaa.gov/data/hurdat/hurdat2-1851-2025-091226.txt,2026-09-28T18:44:32Z,1988 tormentas
D10 FRED,datos/bronze/fred/2026-09-28/DEXMXUS.csv,676efa2ae952594c0b1ec94a6e6c76bdafd679a9d4a6b7dd3266ff118a0d696e,158439,8575,https://fred.stlouisfed.org/graph/fredgraph.csv?id=DEXMXUS,2026-09-28T18:44:32Z,
D10 FRED,datos/bronze/fred/2026-09-28/CPIAUCSL.csv,f8ecddf53a9a9a74dda92c2c4204e6039466fcb744bc74171b73b5f6aac48119,17744,956,https://fred.stlouisfed.org/graph/fredgraph.csv?id=CPIAUCSL,2026-09-28T18:44:33Z,
D11 ENDUTIH 2025,datos/bronze/endutih/2026-09-28/ENDUTIH_25_RR.pdf,3b384802f781bd2037cc2043c2f2d04335b92d12ae34dfbe073b3314c6e04da1,1998636,,https://www.inegi.org.mx/contenidos/saladeprensa/boletines/2026/endutih/ENDUTIH_25_RR.pdf,2026-09-28T18:44:34Z,reporte de resultados (agregados)
D12 GeoJSON Q. Roo,datos/bronze/geo/2026-09-28/quintana_roo.json,4ac01f245d93fcbe6e45d7ebcd00443774749b10aceb39415304db01d077b27e,1524156,11,https://raw.githubusercontent.com/PhantomInsights/mexico-geojson/main/2020/states/Quintana%20Roo.json,2026-09-28T18:44:35Z,polígonos
D6 DENUE INEGI,datos/bronze/denue/2026-09-28/denue_01_csv.zip,3679a407c7da2657f353ee57aa37f58084cf7522bff0dd03f43aca5eb16a17bc,6797877,71871,https://www.inegi.org.mx/contenidos/masiva/denue/denue_01_csv.zip,2026-09-28T18:46:14Z,estado 01
D6 DENUE INEGI,datos/bronze/denue/2026-09-28/denue_02_csv.zip,07f33c0d289f3218990d52246f8edf6705a2a6580c636ed3e3736fcd2f9d8fe7,13720130,139208,https://www.inegi.org.mx/contenidos/masiva/denue/denue_02_csv.zip,2026-09-28T18:46:14Z,estado 02
D6 DENUE INEGI,datos/bronze/denue/2026-09-28/denue_03_csv.zip,51ada17868f8eeda25559d8b3350970fa2bcab792d68a63af5cad038c76c13b4,3893069,42577,https://www.inegi.org.mx/contenidos/masiva/denue/denue_03_csv.zip,2026-09-28T18:46:14Z,estado 03
D6 DENUE INEGI,datos/bronze/denue/2026-09-28/denue_04_csv.zip,7e1690e55aee8cbed558fbecab72f8e81b3b32f19b33d8d1e525c5c38cbe6ad6,3845263,47821,https://www.inegi.org.mx/contenidos/masiva/denue/denue_04_csv.zip,2026-09-28T18:46:15Z,estado 04
D6 DENUE INEGI,datos/bronze/denue/2026-09-28/denue_05_csv.zip,7df6cf18dd6105fb2b96d9fbf27cc658d3aa1a54054559e7b0a6489734065828,12113938,126952,https://www.inegi.org.mx/contenidos/masiva/denue/denue_05_csv.zip,2026-09-28T18:46:15Z,estado 05
D6 DENUE INEGI,datos/bronze/denue/2026-09-28/denue_06_csv.zip,948e292e567ce16a8b7485f15846ddaaf9c9cda6fda9be07334bb6afc5480af6,3788726,42073,https://www.inegi.org.mx/contenidos/masiva/denue/denue_06_csv.zip,2026-09-28T18:46:16Z,estado 06
D6 DENUE INEGI,datos/bronze/denue/2026-09-28/denue_07_csv.zip,be4799488ecc135ebcf18d49167711d16186c81c7d502d297572e83deaac0bd4,21392585,250960,https://www.inegi.org.mx/contenidos/masiva/denue/denue_07_csv.zip,2026-09-28T18:46:17Z,estado 07
D6 DENUE INEGI,datos/bronze/denue/2026-09-28/denue_08_csv.zip,d946462adfa8fc4a5697e0f99ccf42a86bca88ee77bf1c14b5c24ba612c72e05,13749250,142295,https://www.inegi.org.mx/contenidos/masiva/denue/denue_08_csv.zip,2026-09-28T18:46:17Z,estado 08
D6 DENUE INEGI,datos/bronze/denue/2026-09-28/denue_09_csv.zip,ae608f30118f6313e9d537ea22918b2c9e9a3d3f19c2ddf5907f55dbb1642b19,45439249,462732,https://www.inegi.org.mx/contenidos/masiva/denue/denue_09_csv.zip,2026-09-28T18:46:19Z,estado 09
D6 DENUE INEGI,datos/bronze/denue/2026-09-28/denue_10_csv.zip,b2a84170f379bcbcea6f18c5d65ac097ad5f2902b3c9b1d17ba654b4bac7a9b2,6911602,75111,https://www.inegi.org.mx/contenidos/masiva/denue/denue_10_csv.zip,2026-09-28T18:46:19Z,estado 10
D6 DENUE INEGI,datos/bronze/denue/2026-09-28/denue_11_csv.zip,56e1755701a421b73d877b501ccd895f1ed85c8efe30e003604d846bd91b8fcb,27962614,296441,https://www.inegi.org.mx/contenidos/masiva/denue/denue_11_csv.zip,2026-09-28T18:46:20Z,estado 11
D6 DENUE INEGI,datos/bronze/denue/2026-09-28/denue_12_csv.zip,a9fa160d9faac810d80a39303528729b6df0bf4879adbacef091909cf1f57f09,15554083,185797,https://www.inegi.org.mx/contenidos/masiva/denue/denue_12_csv.zip,2026-09-28T18:46:21Z,estado 12
D6 DENUE INEGI,datos/bronze/denue/2026-09-28/denue_13_csv.zip,d0747958bc364177ea8d281047334cffd4d3505247f43967e08da2ca9c1d9ca5,15059273,160666,https://www.inegi.org.mx/contenidos/masiva/denue/denue_13_csv.zip,2026-09-28T18:46:22Z,estado 13
D6 DENUE INEGI,datos/bronze/denue/2026-09-28/denue_14_csv.zip,5a3ee180edecaa85be195c0efaa1bd918ffbd3dfb406fab0cbf0c450635e8a30,39432220,401813,https://www.inegi.org.mx/contenidos/masiva/denue/denue_14_csv.zip,2026-09-28T18:46:23Z,estado 14
D6 DENUE INEGI,datos/bronze/denue/2026-09-28/denue_15_1_csv.zip,23021fc24a2046e1aa3ad8c21137ca57988ded26b6f293ec0c929f59dd2cb1ae,50572588,520000,https://www.inegi.org.mx/contenidos/masiva/denue/denue_15_1_csv.zip,2026-09-28T18:47:32Z,estado 15_1
D6 DENUE INEGI,datos/bronze/denue/2026-09-28/denue_15_2_csv.zip,ad53e5fb65f15b491e140a80e79b207b95eb0320e4a69822d5a3cefb7652bc20,30236017,300853,https://www.inegi.org.mx/contenidos/masiva/denue/denue_15_2_csv.zip,2026-09-28T18:48:14Z,estado 15_2
D6 DENUE INEGI,datos/bronze/denue/2026-09-28/denue_16_csv.zip,c6351ac9a953928cfa2bb06920eb5f00c1265ec1ca9319988d5b85856da8748b,26873186,287049,https://www.inegi.org.mx/contenidos/masiva/denue/denue_16_csv.zip,2026-09-28T18:48:49Z,estado 16
D6 DENUE INEGI,datos/bronze/denue/2026-09-28/denue_17_csv.zip,87aa074040907d273f7b086125f00daff316d96736f1bb0ef570dc3b6297067c,9975747,113066,https://www.inegi.org.mx/contenidos/masiva/denue/denue_17_csv.zip,2026-09-28T18:49:05Z,estado 17
D6 DENUE INEGI,datos/bronze/denue/2026-09-28/denue_18_csv.zip,eeee9d5037f47f3832af2ad643934a9b17601041082d8252cbe6d92550e0c64e,6601995,73357,https://www.inegi.org.mx/contenidos/masiva/denue/denue_18_csv.zip,2026-09-28T18:49:12Z,estado 18
D6 DENUE INEGI,datos/bronze/denue/2026-09-28/denue_19_csv.zip,ba9963bd99f27b65220f1e249384ab74c744cc665ca134347040ccbd8860ae0f,21475515,211349,https://www.inegi.org.mx/contenidos/masiva/denue/denue_19_csv.zip,2026-09-28T18:49:54Z,estado 19
D6 DENUE INEGI,datos/bronze/denue/2026-09-28/denue_20_csv.zip,3dd10addafc615b50f4d2867ec61258c412cfabfae2b7769e9f020190c3cb4d1,24928890,280588,https://www.inegi.org.mx/contenidos/masiva/denue/denue_20_csv.zip,2026-09-28T18:50:21Z,estado 20
D6 DENUE INEGI,datos/bronze/denue/2026-09-28/denue_21_csv.zip,814aea797a6fa3d9ed0307d14eeda516806ea765fcaa4fb4f7192c40029210af,37421731,410693,https://www.inegi.org.mx/contenidos/masiva/denue/denue_21_csv.zip,2026-09-28T18:51:05Z,estado 21
D6 DENUE INEGI,datos/bronze/denue/2026-09-28/denue_22_csv.zip,2ea1e298086f109cdbdb6a036d6cd3ecfbdfe26123b34248d73b1d06c201304a,10382206,108868,https://www.inegi.org.mx/contenidos/masiva/denue/denue_22_csv.zip,2026-09-28T18:51:15Z,estado 22
D6 DENUE INEGI,datos/bronze/denue/2026-09-28/denue_23_csv.zip,264dfef280b9905f5e70950dbada6da85aa2b2551e681708c4e0dc302d382d60,5926665,69260,https://www.inegi.org.mx/contenidos/masiva/denue/denue_23_csv.zip,2026-09-28T18:51:23Z,estado 23
D6 DENUE INEGI,datos/bronze/denue/2026-09-28/denue_24_csv.zip,6e611e177ab4483d6777301bb39829ac04a5bbc820046f64f5bbf110d8947269,11881223,127613,https://www.inegi.org.mx/contenidos/masiva/denue/denue_24_csv.zip,2026-09-28T18:51:37Z,estado 24
D6 DENUE INEGI,datos/bronze/denue/2026-09-28/denue_25_csv.zip,f0f64d43554d9b956aa77ac46e3c8b975a38617da1a4cf76e17f89d212906004,12902619,138882,https://www.inegi.org.mx/contenidos/masiva/denue/denue_25_csv.zip,2026-09-28T18:51:52Z,estado 25
D6 DENUE INEGI,datos/bronze/denue/2026-09-28/denue_26_csv.zip,332bbcd4cc79a5806cbde9e9e4be0522648171d48f04d4e13b1500dce5192fdc,12405139,128315,https://www.inegi.org.mx/contenidos/masiva/denue/denue_26_csv.zip,2026-09-28T18:52:00Z,estado 26
D6 DENUE INEGI,datos/bronze/denue/2026-09-28/denue_27_csv.zip,bd0b889eea608e4d1d3214e96b367f34af2f1650c259d4b65f06d35c65e5b2ed,8348151,95379,https://www.inegi.org.mx/contenidos/masiva/denue/denue_27_csv.zip,2026-09-28T18:52:07Z,estado 27
D6 DENUE INEGI,datos/bronze/denue/2026-09-28/denue_28_csv.zip,56b07316d59cc1227bcae766ce2e7660df58a79e2f57a21c1ac8ddac7b3f3e9a,13747403,148882,https://www.inegi.org.mx/contenidos/masiva/denue/denue_28_csv.zip,2026-09-28T18:52:20Z,estado 28
D6 DENUE INEGI,datos/bronze/denue/2026-09-28/denue_29_csv.zip,2efedf9fca28c7611322d5cfa1e81a8f4535aaaf3d610c6f56edbb91dcfc910e,8840434,99366,https://www.inegi.org.mx/contenidos/masiva/denue/denue_29_csv.zip,2026-09-28T18:52:31Z,estado 29
D6 DENUE INEGI,datos/bronze/denue/2026-09-28/denue_30_csv.zip,3295a498b87bb37a426c34b77470458af5374ffd613b6bad38a5f6e6335f69f5,34453409,356724,https://www.inegi.org.mx/contenidos/masiva/denue/denue_30_csv.zip,2026-09-28T18:53:05Z,estado 30
D6 DENUE INEGI,datos/bronze/denue/2026-09-28/denue_31_csv.zip,a47d4054f2cdeb5ebfce0da8ce1934cb830417174c504182b81964a329556536,10832360,146384,https://www.inegi.org.mx/contenidos/masiva/denue/denue_31_csv.zip,2026-09-28T18:53:17Z,estado 31
D6 DENUE INEGI,datos/bronze/denue/2026-09-28/denue_32_csv.zip,d5cb1d0a9b05b4f45f539adf9d426d0cf0aaf52fa5f430d59b38bf9ee78983dd,6733922,75130,https://www.inegi.org.mx/contenidos/masiva/denue/denue_32_csv.zip,2026-09-28T18:53:24Z,estado 32
D8 Open-Meteo,datos/bronze/clima/2026-09-28/horario/cancun_2019.json,b707784057c98c640dabc2b45fd58eebaca4f802e3bc39a43f0f2b33d9c8f410,295367,8760,"https://archive-api.open-meteo.com/v1/archive?latitude=21.1619&longitude=-86.8515&start_date=2019-01-01&end_date=2019-12-31&hourly=temperature_2m,precipitation,wind_speed_10m",2026-09-28T18:53:25Z,cancun horario 2019
D8 Open-Meteo,datos/bronze/clima/2026-09-28/horario/cancun_2020.json,1948f5e1ee42dacc3de2ffc25410f1a815eb0f79a966ede5686b7e5d62078ba1,296627,8784,"https://archive-api.open-meteo.com/v1/archive?latitude=21.1619&longitude=-86.8515&start_date=2020-01-01&end_date=2020-12-31&hourly=temperature_2m,precipitation,wind_speed_10m",2026-09-28T18:53:29Z,cancun horario 2020
D8 Open-Meteo,datos/bronze/clima/2026-09-28/horario/cancun_2021.json,54c0f7bd470dcc4144829229bd28cba4e080627251b8b56567ba65cffb5113ff,295633,8760,"https://archive-api.open-meteo.com/v1/archive?latitude=21.1619&longitude=-86.8515&start_date=2021-01-01&end_date=2021-12-31&hourly=temperature_2m,precipitation,wind_speed_10m",2026-09-28T18:53:33Z,cancun horario 2021
D8 Open-Meteo,datos/bronze/clima/2026-09-28/horario/cancun_2022.json,305d285a9ef3f9a4141820643b07111fa0fd75dc45eccd3dfdb9a53d47fd4747,295352,8760,"https://archive-api.open-meteo.com/v1/archive?latitude=21.1619&longitude=-86.8515&start_date=2022-01-01&end_date=2022-12-31&hourly=temperature_2m,precipitation,wind_speed_10m",2026-09-28T18:53:37Z,cancun horario 2022
D8 Open-Meteo,datos/bronze/clima/2026-09-28/horario/cancun_2023.json,df4f8fb2b50d3cffec7377b68c2c4cdeaf268ced5739f2418711e539bc394326,294908,8760,"https://archive-api.open-meteo.com/v1/archive?latitude=21.1619&longitude=-86.8515&start_date=2023-01-01&end_date=2023-12-31&hourly=temperature_2m,precipitation,wind_speed_10m",2026-09-28T18:53:41Z,cancun horario 2023
D8 Open-Meteo,datos/bronze/clima/2026-09-28/horario/cancun_2024.json,2cfb812714a2801261e44f5a851635ec491f69deb1fe44f2f53465d46ad4a20d,295934,8784,"https://archive-api.open-meteo.com/v1/archive?latitude=21.1619&longitude=-86.8515&start_date=2024-01-01&end_date=2024-12-31&hourly=temperature_2m,precipitation,wind_speed_10m",2026-09-28T18:53:45Z,cancun horario 2024
D8 Open-Meteo,datos/bronze/clima/2026-09-28/horario/cancun_2025.json,2aac8f957b09e243fb533348acc57c5246718b789781938f9e0dc05d81e5dc2f,294104,8760,"https://archive-api.open-meteo.com/v1/archive?latitude=21.1619&longitude=-86.8515&start_date=2025-01-01&end_date=2025-12-31&hourly=temperature_2m,precipitation,wind_speed_10m",2026-09-28T18:53:49Z,cancun horario 2025
D8 Open-Meteo,datos/bronze/clima/2026-09-28/horario/cancun_2026.json,6eee7dfa42b178ee084a275fb32aa49bdd3c9eac835186ee580ee30ecde5ff47,217842,6480,"https://archive-api.open-meteo.com/v1/archive?latitude=21.1619&longitude=-86.8515&start_date=2026-01-01&end_date=2026-09-27&hourly=temperature_2m,precipitation,wind_speed_10m",2026-09-28T18:53:53Z,cancun horario 2026
D8 Open-Meteo,datos/bronze/clima/2026-09-28/diario/cancun_1950s.json,106a59a443825a2dd2abd7f28035c952811b95fdc71bd76767ccb498a0f64330,102948,3652,"https://archive-api.open-meteo.com/v1/archive?latitude=21.1619&longitude=-86.8515&start_date=1950-01-01&end_date=1959-12-31&daily=temperature_2m_max,precipitation_sum,wind_speed_10m_max&timezone=America%2FCancun",2026-09-28T18:53:57Z,cancun diario 1950s
D8 Open-Meteo,datos/bronze/clima/2026-09-28/diario/cancun_1960s.json,59c2e94ab8b38d32ece285f585a759bfdd79dea635217e1658f90c0ee70997dd,102987,3653,"https://archive-api.open-meteo.com/v1/archive?latitude=21.1619&longitude=-86.8515&start_date=1960-01-01&end_date=1969-12-31&daily=temperature_2m_max,precipitation_sum,wind_speed_10m_max&timezone=America%2FCancun",2026-09-28T18:54:01Z,cancun diario 1960s
D8 Open-Meteo,datos/bronze/clima/2026-09-28/diario/cancun_1970s.json,ffe051e24e36ae32794f02f0f92c43614adf698a3a649389ed0645ab7dbcaaf5,102991,3652,"https://archive-api.open-meteo.com/v1/archive?latitude=21.1619&longitude=-86.8515&start_date=1970-01-01&end_date=1979-12-31&daily=temperature_2m_max,precipitation_sum,wind_speed_10m_max&timezone=America%2FCancun",2026-09-28T18:54:05Z,cancun diario 1970s
D8 Open-Meteo,datos/bronze/clima/2026-09-28/diario/cancun_1980s.json,038169f55b36a8c5a6b01057ef1cc6869963e9c6eff97621adcf54ce36a7e51a,103053,3653,"https://archive-api.open-meteo.com/v1/archive?latitude=21.1619&longitude=-86.8515&start_date=1980-01-01&end_date=1989-12-31&daily=temperature_2m_max,precipitation_sum,wind_speed_10m_max&timezone=America%2FCancun",2026-09-28T18:54:09Z,cancun diario 1980s
D8 Open-Meteo,datos/bronze/clima/2026-09-28/diario/cancun_1990s.json,4a9c62d9ec838da52c24a8e9c321b14e63d5db65fa4542d901122539d26d235b,103023,3652,"https://archive-api.open-meteo.com/v1/archive?latitude=21.1619&longitude=-86.8515&start_date=1990-01-01&end_date=1999-12-31&daily=temperature_2m_max,precipitation_sum,wind_speed_10m_max&timezone=America%2FCancun",2026-09-28T18:54:13Z,cancun diario 1990s
D8 Open-Meteo,datos/bronze/clima/2026-09-28/diario/cancun_2000s.json,98cb41a9ba79e96313332e9f6accd2eac88125a93019bb7c605b9c964b30820a,102930,3653,"https://archive-api.open-meteo.com/v1/archive?latitude=21.1619&longitude=-86.8515&start_date=2000-01-01&end_date=2009-12-31&daily=temperature_2m_max,precipitation_sum,wind_speed_10m_max&timezone=America%2FCancun",2026-09-28T18:54:17Z,cancun diario 2000s
D8 Open-Meteo,datos/bronze/clima/2026-09-28/diario/cancun_2010s.json,db3ff10d6ab5d0008ca2df756bb0d65be21b068411feddefcab3b8fa60b9f26c,102959,3652,"https://archive-api.open-meteo.com/v1/archive?latitude=21.1619&longitude=-86.8515&start_date=2010-01-01&end_date=2019-12-31&daily=temperature_2m_max,precipitation_sum,wind_speed_10m_max&timezone=America%2FCancun",2026-09-28T18:54:21Z,cancun diario 2010s
D8 Open-Meteo,datos/bronze/clima/2026-09-28/diario/cancun_2020s.json,5443ce05dcb0ab1d2704d7b392dd0a2a6537beede53f7d08883325d4c6fb66d6,69455,2462,"https://archive-api.open-meteo.com/v1/archive?latitude=21.1619&longitude=-86.8515&start_date=2020-01-01&end_date=2026-09-27&daily=temperature_2m_max,precipitation_sum,wind_speed_10m_max&timezone=America%2FCancun",2026-09-28T18:54:25Z,cancun diario 2020s
D8 Open-Meteo,datos/bronze/clima/2026-09-28/horario/playa_del_carmen_2019.json,41ce697c9035b93ed3c4dba69f9aed7255ab366f0f6590b2fd618e5b0467313b,296012,8760,"https://archive-api.open-meteo.com/v1/archive?latitude=20.6296&longitude=-87.0739&start_date=2019-01-01&end_date=2019-12-31&hourly=temperature_2m,precipitation,wind_speed_10m",2026-09-28T18:54:29Z,playa_del_carmen horario 2019
D8 Open-Meteo,datos/bronze/clima/2026-09-28/horario/playa_del_carmen_2020.json,9bbef518ecb854e3e8520db5325b93b16c510c92e87db0d41a2576628eaac90c,297152,8784,"https://archive-api.open-meteo.com/v1/archive?latitude=20.6296&longitude=-87.0739&start_date=2020-01-01&end_date=2020-12-31&hourly=temperature_2m,precipitation,wind_speed_10m",2026-09-28T18:54:33Z,playa_del_carmen horario 2020
D8 Open-Meteo,datos/bronze/clima/2026-09-28/horario/playa_del_carmen_2021.json,88e563cfd96534aaa50a6e85ba6dbf1d82084fc5eab5190aed878e33e29a65c8,296436,8760,"https://archive-api.open-meteo.com/v1/archive?latitude=20.6296&longitude=-87.0739&start_date=2021-01-01&end_date=2021-12-31&hourly=temperature_2m,precipitation,wind_speed_10m",2026-09-28T18:54:37Z,playa_del_carmen horario 2021
D8 Open-Meteo,datos/bronze/clima/2026-09-28/horario/playa_del_carmen_2022.json,4ee8c212b28a700c9bf9b64f3ef9845e341426d0de669519df64a7f58887913c,296264,8760,"https://archive-api.open-meteo.com/v1/archive?latitude=20.6296&longitude=-87.0739&start_date=2022-01-01&end_date=2022-12-31&hourly=temperature_2m,precipitation,wind_speed_10m",2026-09-28T18:54:41Z,playa_del_carmen horario 2022
D8 Open-Meteo,datos/bronze/clima/2026-09-28/horario/playa_del_carmen_2023.json,35c1bba44e65cd9e0fe675166b1232e8f95950992581b7cd84714453cf343bb3,295902,8760,"https://archive-api.open-meteo.com/v1/archive?latitude=20.6296&longitude=-87.0739&start_date=2023-01-01&end_date=2023-12-31&hourly=temperature_2m,precipitation,wind_speed_10m",2026-09-28T18:54:45Z,playa_del_carmen horario 2023
D8 Open-Meteo,datos/bronze/clima/2026-09-28/horario/playa_del_carmen_2024.json,1da551c03fa5e99168d37886123bfb7259cbf20df0fc9c516fb1b4af06cdc507,296903,8784,"https://archive-api.open-meteo.com/v1/archive?latitude=20.6296&longitude=-87.0739&start_date=2024-01-01&end_date=2024-12-31&hourly=temperature_2m,precipitation,wind_speed_10m",2026-09-28T18:54:49Z,playa_del_carmen horario 2024
D8 Open-Meteo,datos/bronze/clima/2026-09-28/horario/playa_del_carmen_2025.json,49bd60f3779f831e284f5051211fb84e5e2d2f4797d9c92c85f5a0f69ffd15ef,295414,8760,"https://archive-api.open-meteo.com/v1/archive?latitude=20.6296&longitude=-87.0739&start_date=2025-01-01&end_date=2025-12-31&hourly=temperature_2m,precipitation,wind_speed_10m",2026-09-28T18:54:53Z,playa_del_carmen horario 2025
D8 Open-Meteo,datos/bronze/clima/2026-09-28/horario/playa_del_carmen_2026.json,243652bb28d93a6beff0b32d77a57b34a2ad01f040caa0539ed4f9e36962214b,218724,6480,"https://archive-api.open-meteo.com/v1/archive?latitude=20.6296&longitude=-87.0739&start_date=2026-01-01&end_date=2026-09-27&hourly=temperature_2m,precipitation,wind_speed_10m",2026-09-28T18:54:57Z,playa_del_carmen horario 2026
D8 Open-Meteo,datos/bronze/clima/2026-09-28/diario/playa_del_carmen_1950s.json,8c02170f1f7dfd7e0853450f3e1798aca1a5602a32a5c45868f79feb1454aff4,102641,3652,"https://archive-api.open-meteo.com/v1/archive?latitude=20.6296&longitude=-87.0739&start_date=1950-01-01&end_date=1959-12-31&daily=temperature_2m_max,precipitation_sum,wind_speed_10m_max&timezone=America%2FCancun",2026-09-28T18:55:03Z,playa_del_carmen diario 1950s
D8 Open-Meteo,datos/bronze/clima/2026-09-28/diario/playa_del_carmen_1960s.json,a57eb6b6c647ef4c14ec91dbd33f37e2823fb3e852b032a24a5db57b4735cfad,102622,3653,"https://archive-api.open-meteo.com/v1/archive?latitude=20.6296&longitude=-87.0739&start_date=1960-01-01&end_date=1969-12-31&daily=temperature_2m_max,precipitation_sum,wind_speed_10m_max&timezone=America%2FCancun",2026-09-28T18:55:09Z,playa_del_carmen diario 1960s
D8 Open-Meteo,datos/bronze/clima/2026-09-28/diario/playa_del_carmen_1970s.json,83139a0963bceaa6bb9d66631d82e72f685fc8d2e38165440217d37b5cd7b86d,102578,3652,"https://archive-api.open-meteo.com/v1/archive?latitude=20.6296&longitude=-87.0739&start_date=1970-01-01&end_date=1979-12-31&daily=temperature_2m_max,precipitation_sum,wind_speed_10m_max&timezone=America%2FCancun",2026-09-28T18:55:15Z,playa_del_carmen diario 1970s
D8 Open-Meteo,datos/bronze/clima/2026-09-28/diario/playa_del_carmen_1980s.json,595183e9e0947b60558081c648aa0d8fb2b13aebea8cfff5f4ce8a3b0508557b,102638,3653,"https://archive-api.open-meteo.com/v1/archive?latitude=20.6296&longitude=-87.0739&start_date=1980-01-01&end_date=1989-12-31&daily=temperature_2m_max,precipitation_sum,wind_speed_10m_max&timezone=America%2FCancun",2026-09-28T18:55:20Z,playa_del_carmen diario 1980s
D8 Open-Meteo,datos/bronze/clima/2026-09-28/diario/playa_del_carmen_1990s.json,eeef881018c8484d42215c800d9708bb800ff122ca619634bd41a21c03f46249,102673,3652,"https://archive-api.open-meteo.com/v1/archive?latitude=20.6296&longitude=-87.0739&start_date=1990-01-01&end_date=1999-12-31&daily=temperature_2m_max,precipitation_sum,wind_speed_10m_max&timezone=America%2FCancun",2026-09-28T18:55:24Z,playa_del_carmen diario 1990s
D8 Open-Meteo,datos/bronze/clima/2026-09-28/diario/playa_del_carmen_2000s.json,cd81e4c9decc38bb4d27c508e6f671683eb6e3e58ab960e21e44b41a28835c6f,102661,3653,"https://archive-api.open-meteo.com/v1/archive?latitude=20.6296&longitude=-87.0739&start_date=2000-01-01&end_date=2009-12-31&daily=temperature_2m_max,precipitation_sum,wind_speed_10m_max&timezone=America%2FCancun",2026-09-28T18:55:28Z,playa_del_carmen diario 2000s
D8 Open-Meteo,datos/bronze/clima/2026-09-28/diario/playa_del_carmen_2010s.json,86bb21f8881bec1ba4019385c0b32c313dcf06b8fd7fd03de725c360305d0e38,102704,3652,"https://archive-api.open-meteo.com/v1/archive?latitude=20.6296&longitude=-87.0739&start_date=2010-01-01&end_date=2019-12-31&daily=temperature_2m_max,precipitation_sum,wind_speed_10m_max&timezone=America%2FCancun",2026-09-28T18:55:32Z,playa_del_carmen diario 2010s
D8 Open-Meteo,datos/bronze/clima/2026-09-28/diario/playa_del_carmen_2020s.json,613e9f61d369aa3cac3aad2e1dd33b725a881f0a9018ee32b0a0a4e9a02e8d04,69550,2462,"https://archive-api.open-meteo.com/v1/archive?latitude=20.6296&longitude=-87.0739&start_date=2020-01-01&end_date=2026-09-27&daily=temperature_2m_max,precipitation_sum,wind_speed_10m_max&timezone=America%2FCancun",2026-09-28T18:55:36Z,playa_del_carmen diario 2020s
D8 Open-Meteo,datos/bronze/clima/2026-09-28/horario/tulum_2019.json,ca4d714cedbc1688a95422f8108db6888b6eb3051507c3cfdaa606428a1e6fda,295797,8760,"https://archive-api.open-meteo.com/v1/archive?latitude=20.2114&longitude=-87.4654&start_date=2019-01-01&end_date=2019-12-31&hourly=temperature_2m,precipitation,wind_speed_10m",2026-09-28T18:55:40Z,tulum horario 2019
D8 Open-Meteo,datos/bronze/clima/2026-09-28/horario/tulum_2020.json,0a3b74079be2fcea68172d4f25e3c7980566e2e324be48baf342a348fafb2df7,296754,8784,"https://archive-api.open-meteo.com/v1/archive?latitude=20.2114&longitude=-87.4654&start_date=2020-01-01&end_date=2020-12-31&hourly=temperature_2m,precipitation,wind_speed_10m",2026-09-28T18:55:44Z,tulum horario 2020
D8 Open-Meteo,datos/bronze/clima/2026-09-28/horario/tulum_2021.json,ebeb0742fbd6d84f0227b1bcb708b9e70b8bdfe4cfa43dd41abdb4e95d26d1d3,295950,8760,"https://archive-api.open-meteo.com/v1/archive?latitude=20.2114&longitude=-87.4654&start_date=2021-01-01&end_date=2021-12-31&hourly=temperature_2m,precipitation,wind_speed_10m",2026-09-28T18:55:48Z,tulum horario 2021
D8 Open-Meteo,datos/bronze/clima/2026-09-28/horario/tulum_2022.json,5cb5294ebe13b1f4f0bffcf3dd33be0824e2c1090c7328f0578d67c7c4cc8f93,295860,8760,"https://archive-api.open-meteo.com/v1/archive?latitude=20.2114&longitude=-87.4654&start_date=2022-01-01&end_date=2022-12-31&hourly=temperature_2m,precipitation,wind_speed_10m",2026-09-28T18:55:52Z,tulum horario 2022
D8 Open-Meteo,datos/bronze/clima/2026-09-28/horario/tulum_2023.json,4e80da49309e4cd2307c6f8f635a758f26c4c2b724ea6a6c0d5aa3b12be1a920,295408,8760,"https://archive-api.open-meteo.com/v1/archive?latitude=20.2114&longitude=-87.4654&start_date=2023-01-01&end_date=2023-12-31&hourly=temperature_2m,precipitation,wind_speed_10m",2026-09-28T18:55:56Z,tulum horario 2023
D8 Open-Meteo,datos/bronze/clima/2026-09-28/horario/tulum_2024.json,2d136766e881a9c002c4b12ff10ecb8a10e446d37bd578862ac50c8aaaf0459d,296168,8784,"https://archive-api.open-meteo.com/v1/archive?latitude=20.2114&longitude=-87.4654&start_date=2024-01-01&end_date=2024-12-31&hourly=temperature_2m,precipitation,wind_speed_10m",2026-09-28T18:56:00Z,tulum horario 2024
D8 Open-Meteo,datos/bronze/clima/2026-09-28/horario/tulum_2025.json,407413902d2380d59e8843c81796058504a3db5b2c1d0e5454da584c5986c1ff,294661,8760,"https://archive-api.open-meteo.com/v1/archive?latitude=20.2114&longitude=-87.4654&start_date=2025-01-01&end_date=2025-12-31&hourly=temperature_2m,precipitation,wind_speed_10m",2026-09-28T18:56:04Z,tulum horario 2025
D8 Open-Meteo,datos/bronze/clima/2026-09-28/horario/tulum_2026.json,e5bbf14f9a30098720ab2a6889ac53d640e25456648646560249d7d123de3b21,218388,6480,"https://archive-api.open-meteo.com/v1/archive?latitude=20.2114&longitude=-87.4654&start_date=2026-01-01&end_date=2026-09-27&hourly=temperature_2m,precipitation,wind_speed_10m",2026-09-28T18:56:08Z,tulum horario 2026
D8 Open-Meteo,datos/bronze/clima/2026-09-28/diario/tulum_1950s.json,80c16295a2ea104f13697cc84163416b3206b93c81e3ad0ad33b9f8e6fb84f99,102919,3652,"https://archive-api.open-meteo.com/v1/archive?latitude=20.2114&longitude=-87.4654&start_date=1950-01-01&end_date=1959-12-31&daily=temperature_2m_max,precipitation_sum,wind_speed_10m_max&timezone=America%2FCancun",2026-09-28T18:56:14Z,tulum diario 1950s
D8 Open-Meteo,datos/bronze/clima/2026-09-28/diario/tulum_1960s.json,c1ae013be9c6149243b402dd425f5a2f608e30151248379122b86cb49ddb3450,102952,3653,"https://archive-api.open-meteo.com/v1/archive?latitude=20.2114&longitude=-87.4654&start_date=1960-01-01&end_date=1969-12-31&daily=temperature_2m_max,precipitation_sum,wind_speed_10m_max&timezone=America%2FCancun",2026-09-28T18:56:19Z,tulum diario 1960s
D8 Open-Meteo,datos/bronze/clima/2026-09-28/diario/tulum_1970s.json,a0da10ddd12229958c0de1430605a22c9f9d3518de5bb45c5b4950cfc63bc138,102952,3652,"https://archive-api.open-meteo.com/v1/archive?latitude=20.2114&longitude=-87.4654&start_date=1970-01-01&end_date=1979-12-31&daily=temperature_2m_max,precipitation_sum,wind_speed_10m_max&timezone=America%2FCancun",2026-09-28T18:56:25Z,tulum diario 1970s
D8 Open-Meteo,datos/bronze/clima/2026-09-28/diario/tulum_1980s.json,b3fb56da1ed2bb0d6a5a8494b2aaba96b48f0f0f284c7a463e44776e4c22649e,103029,3653,"https://archive-api.open-meteo.com/v1/archive?latitude=20.2114&longitude=-87.4654&start_date=1980-01-01&end_date=1989-12-31&daily=temperature_2m_max,precipitation_sum,wind_speed_10m_max&timezone=America%2FCancun",2026-09-28T18:56:31Z,tulum diario 1980s
D8 Open-Meteo,datos/bronze/clima/2026-09-28/diario/tulum_1990s.json,0f119790d1533e89d23de39d23d2431d0874cbc567ac0e7131ef655c8b77388c,102919,3652,"https://archive-api.open-meteo.com/v1/archive?latitude=20.2114&longitude=-87.4654&start_date=1990-01-01&end_date=1999-12-31&daily=temperature_2m_max,precipitation_sum,wind_speed_10m_max&timezone=America%2FCancun",2026-09-28T18:56:36Z,tulum diario 1990s
D8 Open-Meteo,datos/bronze/clima/2026-09-28/diario/tulum_2000s.json,b313ad3522e9bf5783a216af2f8b1b36f7569da4afc4976b6e48757264aaf084,102901,3653,"https://archive-api.open-meteo.com/v1/archive?latitude=20.2114&longitude=-87.4654&start_date=2000-01-01&end_date=2009-12-31&daily=temperature_2m_max,precipitation_sum,wind_speed_10m_max&timezone=America%2FCancun",2026-09-28T18:56:41Z,tulum diario 2000s
D8 Open-Meteo,datos/bronze/clima/2026-09-28/diario/tulum_2010s.json,60596e29fb1571852454d04c3b4224c7d2354cad37543c5c0fee751ec7a7f415,102934,3652,"https://archive-api.open-meteo.com/v1/archive?latitude=20.2114&longitude=-87.4654&start_date=2010-01-01&end_date=2019-12-31&daily=temperature_2m_max,precipitation_sum,wind_speed_10m_max&timezone=America%2FCancun",2026-09-28T18:56:45Z,tulum diario 2010s
D8 Open-Meteo,datos/bronze/clima/2026-09-28/diario/tulum_2020s.json,4b362511f0f2eed676db71f0bdd9ab2ea028fc7614cf9ab414bd6d1c67715450,69541,2462,"https://archive-api.open-meteo.com/v1/archive?latitude=20.2114&longitude=-87.4654&start_date=2020-01-01&end_date=2026-09-27&daily=temperature_2m_max,precipitation_sum,wind_speed_10m_max&timezone=America%2FCancun",2026-09-28T18:56:49Z,tulum diario 2020s
D8 Open-Meteo,datos/bronze/clima/2026-09-28/horario/coba_2019.json,8634188086a3e16d842f7706241cabcf40e5732a45b65814b4200a9cac9516ac,292725,8760,"https://archive-api.open-meteo.com/v1/archive?latitude=20.4918&longitude=-87.7328&start_date=2019-01-01&end_date=2019-12-31&hourly=temperature_2m,precipitation,wind_speed_10m",2026-09-28T18:57:54Z,coba horario 2019
D8 Open-Meteo,datos/bronze/clima/2026-09-28/horario/coba_2020.json,d56c1955402e07a8d8a4a357df6ced0c4db7b0068b452ea293a448d754b17ec5,293899,8784,"https://archive-api.open-meteo.com/v1/archive?latitude=20.4918&longitude=-87.7328&start_date=2020-01-01&end_date=2020-12-31&hourly=temperature_2m,precipitation,wind_speed_10m",2026-09-28T18:57:58Z,coba horario 2020
D8 Open-Meteo,datos/bronze/clima/2026-09-28/horario/coba_2021.json,86bade4851074247491e6874267ecf8cfe251e02f8c3a57d0d68d2ee8cfaa171,292754,8760,"https://archive-api.open-meteo.com/v1/archive?latitude=20.4918&longitude=-87.7328&start_date=2021-01-01&end_date=2021-12-31&hourly=temperature_2m,precipitation,wind_speed_10m",2026-09-28T18:58:02Z,coba horario 2021
D8 Open-Meteo,datos/bronze/clima/2026-09-28/horario/coba_2022.json,622da9772af7c004151cd0d689f273bddb5ab680bfa1f83d7befeb2d70b31ae3,292588,8760,"https://archive-api.open-meteo.com/v1/archive?latitude=20.4918&longitude=-87.7328&start_date=2022-01-01&end_date=2022-12-31&hourly=temperature_2m,precipitation,wind_speed_10m",2026-09-28T18:58:06Z,coba horario 2022
D8 Open-Meteo,datos/bronze/clima/2026-09-28/horario/coba_2023.json,0432c5d4d1f4adac4e7e7eaa26a053ecbc4d3180a7d98dd7c899610eea5a8df9,292556,8760,"https://archive-api.open-meteo.com/v1/archive?latitude=20.4918&longitude=-87.7328&start_date=2023-01-01&end_date=2023-12-31&hourly=temperature_2m,precipitation,wind_speed_10m",2026-09-28T18:58:10Z,coba horario 2023
D8 Open-Meteo,datos/bronze/clima/2026-09-28/horario/coba_2024.json,ee0e41b69af6b745bf15a420a9c22cb58034ff53abd65c434203267f4dd960ec,293645,8784,"https://archive-api.open-meteo.com/v1/archive?latitude=20.4918&longitude=-87.7328&start_date=2024-01-01&end_date=2024-12-31&hourly=temperature_2m,precipitation,wind_speed_10m",2026-09-28T18:58:14Z,coba horario 2024
D8 Open-Meteo,datos/bronze/clima/2026-09-28/horario/coba_2025.json,34c77d7c678944efa079631a24a635c011d744b74b41c9b4ed19056098e8153b,292309,8760,"https://archive-api.open-meteo.com/v1/archive?latitude=20.4918&longitude=-87.7328&start_date=2025-01-01&end_date=2025-12-31&hourly=temperature_2m,precipitation,wind_speed_10m",2026-09-28T18:58:18Z,coba horario 2025
D8 Open-Meteo,datos/bronze/clima/2026-09-28/horario/coba_2026.json,b03f0efb1a259b30b1ff5efa8a99f4705609ee3885a034306f8511f2f40c77e3,216423,6480,"https://archive-api.open-meteo.com/v1/archive?latitude=20.4918&longitude=-87.7328&start_date=2026-01-01&end_date=2026-09-27&hourly=temperature_2m,precipitation,wind_speed_10m",2026-09-28T18:58:22Z,coba horario 2026
D8 Open-Meteo,datos/bronze/clima/2026-09-28/diario/coba_1950s.json,238547ad6f1f19d36d524f6c7167dfdb68e8dbcc34dea8c3f4756b0ef9257840,102374,3652,"https://archive-api.open-meteo.com/v1/archive?latitude=20.4918&longitude=-87.7328&start_date=1950-01-01&end_date=1959-12-31&daily=temperature_2m_max,precipitation_sum,wind_speed_10m_max&timezone=America%2FCancun",2026-09-28T18:58:28Z,coba diario 1950s
D8 Open-Meteo,datos/bronze/clima/2026-09-28/diario/coba_1960s.json,62a3b297ecb03337ad7a1ae490ab603cd2ef67dcc53b3201cc96245edd4a2719,102373,3653,"https://archive-api.open-meteo.com/v1/archive?latitude=20.4918&longitude=-87.7328&start_date=1960-01-01&end_date=1969-12-31&daily=temperature_2m_max,precipitation_sum,wind_speed_10m_max&timezone=America%2FCancun",2026-09-28T18:58:34Z,coba diario 1960s
D8 Open-Meteo,datos/bronze/clima/2026-09-28/diario/coba_1970s.json,7b28f2d6fc3f5a013cc8c4083528d65a93cf2fa24c86e64620d4126c9236170e,102267,3652,"https://archive-api.open-meteo.com/v1/archive?latitude=20.4918&longitude=-87.7328&start_date=1970-01-01&end_date=1979-12-31&daily=temperature_2m_max,precipitation_sum,wind_speed_10m_max&timezone=America%2FCancun",2026-09-28T18:58:40Z,coba diario 1970s
D8 Open-Meteo,datos/bronze/clima/2026-09-28/diario/coba_1980s.json,03fdd02c9bb52c8f325613227ce99308b646d0deab88cb7f7cfc839c58c6953e,102312,3653,"https://archive-api.open-meteo.com/v1/archive?latitude=20.4918&longitude=-87.7328&start_date=1980-01-01&end_date=1989-12-31&daily=temperature_2m_max,precipitation_sum,wind_speed_10m_max&timezone=America%2FCancun",2026-09-28T18:58:45Z,coba diario 1980s
D8 Open-Meteo,datos/bronze/clima/2026-09-28/diario/coba_1990s.json,7e98c40e8c1fd14ef2d29fbac82bff3bf2db2d9eb7f116bb6672b3a52bc0678f,102346,3652,"https://archive-api.open-meteo.com/v1/archive?latitude=20.4918&longitude=-87.7328&start_date=1990-01-01&end_date=1999-12-31&daily=temperature_2m_max,precipitation_sum,wind_speed_10m_max&timezone=America%2FCancun",2026-09-28T18:58:50Z,coba diario 1990s
D8 Open-Meteo,datos/bronze/clima/2026-09-28/diario/coba_2000s.json,c52ce6f0b2b68d8ba1cfa367cc4df9978ad6a6a52ae302459cf6c34e94b4c048,102410,3653,"https://archive-api.open-meteo.com/v1/archive?latitude=20.4918&longitude=-87.7328&start_date=2000-01-01&end_date=2009-12-31&daily=temperature_2m_max,precipitation_sum,wind_speed_10m_max&timezone=America%2FCancun",2026-09-28T18:58:55Z,coba diario 2000s
D8 Open-Meteo,datos/bronze/clima/2026-09-28/diario/coba_2010s.json,23e5e393a9420f44bdcad499b5f47350a3577d3fd85a51c3d3b351ce9751e28c,102289,3652,"https://archive-api.open-meteo.com/v1/archive?latitude=20.4918&longitude=-87.7328&start_date=2010-01-01&end_date=2019-12-31&daily=temperature_2m_max,precipitation_sum,wind_speed_10m_max&timezone=America%2FCancun",2026-09-28T18:58:59Z,coba diario 2010s
D8 Open-Meteo,datos/bronze/clima/2026-09-28/diario/coba_2020s.json,8eababdc5b709930d0d47513aa985337f912433b4156aa3e8a0553385df3d2c0,69312,2462,"https://archive-api.open-meteo.com/v1/archive?latitude=20.4918&longitude=-87.7328&start_date=2020-01-01&end_date=2026-09-27&daily=temperature_2m_max,precipitation_sum,wind_speed_10m_max&timezone=America%2FCancun",2026-09-28T18:59:03Z,coba diario 2020s
D8 Open-Meteo,datos/bronze/clima/2026-09-28/horario/felipe_carrillo_puerto_2019.json,5a00829a318124d2151718ee266618bdfe2014006cf21d5a83bd2280736eaa47,293263,8760,"https://archive-api.open-meteo.com/v1/archive?latitude=19.5801&longitude=-88.0452&start_date=2019-01-01&end_date=2019-12-31&hourly=temperature_2m,precipitation,wind_speed_10m",2026-09-28T18:59:07Z,felipe_carrillo_puerto horario 2019
D8 Open-Meteo,datos/bronze/clima/2026-09-28/horario/felipe_carrillo_puerto_2020.json,6e8f4f1980514f71f1555962c890e9fcc13901d6dee1f65600660341925ab235,294277,8784,"https://archive-api.open-meteo.com/v1/archive?latitude=19.5801&longitude=-88.0452&start_date=2020-01-01&end_date=2020-12-31&hourly=temperature_2m,precipitation,wind_speed_10m",2026-09-28T18:59:11Z,felipe_carrillo_puerto horario 2020
D8 Open-Meteo,datos/bronze/clima/2026-09-28/horario/felipe_carrillo_puerto_2021.json,bb8cbcf81a6cabb6321ef8221015d1ca4197b20b2647032797664c8941a9ee2a,293208,8760,"https://archive-api.open-meteo.com/v1/archive?latitude=19.5801&longitude=-88.0452&start_date=2021-01-01&end_date=2021-12-31&hourly=temperature_2m,precipitation,wind_speed_10m",2026-09-28T18:59:15Z,felipe_carrillo_puerto horario 2021
D8 Open-Meteo,datos/bronze/clima/2026-09-28/horario/felipe_carrillo_puerto_2022.json,90ed31f32c2aece95368527c0a033662ae8301e4497ec98e414b9bcce0709b37,293014,8760,"https://archive-api.open-meteo.com/v1/archive?latitude=19.5801&longitude=-88.0452&start_date=2022-01-01&end_date=2022-12-31&hourly=temperature_2m,precipitation,wind_speed_10m",2026-09-28T18:59:19Z,felipe_carrillo_puerto horario 2022
D8 Open-Meteo,datos/bronze/clima/2026-09-28/horario/felipe_carrillo_puerto_2023.json,096bd80991086cf1f9d8e2b3ba3ad6e5545a864f662a5a1023ffab5cac0e91b0,293048,8760,"https://archive-api.open-meteo.com/v1/archive?latitude=19.5801&longitude=-88.0452&start_date=2023-01-01&end_date=2023-12-31&hourly=temperature_2m,precipitation,wind_speed_10m",2026-09-28T18:59:23Z,felipe_carrillo_puerto horario 2023
D8 Open-Meteo,datos/bronze/clima/2026-09-28/horario/felipe_carrillo_puerto_2024.json,822abf05bd3a0365f509e1bed70984f3c1f1e6077c1913c14db64421bd8fb563,294023,8784,"https://archive-api.open-meteo.com/v1/archive?latitude=19.5801&longitude=-88.0452&start_date=2024-01-01&end_date=2024-12-31&hourly=temperature_2m,precipitation,wind_speed_10m",2026-09-28T18:59:27Z,felipe_carrillo_puerto horario 2024
D8 Open-Meteo,datos/bronze/clima/2026-09-28/horario/felipe_carrillo_puerto_2025.json,5f241ddcced6f4434d67b072f59da3e819c4e378c1d58f19bcd02aad4014085d,292898,8760,"https://archive-api.open-meteo.com/v1/archive?latitude=19.5801&longitude=-88.0452&start_date=2025-01-01&end_date=2025-12-31&hourly=temperature_2m,precipitation,wind_speed_10m",2026-09-28T18:59:31Z,felipe_carrillo_puerto horario 2025
D8 Open-Meteo,datos/bronze/clima/2026-09-28/horario/felipe_carrillo_puerto_2026.json,281309376bd804b249743d2cbe8b798363ab4c700eb40c7d8c7bca3fcfdc6f4d,216969,6480,"https://archive-api.open-meteo.com/v1/archive?latitude=19.5801&longitude=-88.0452&start_date=2026-01-01&end_date=2026-09-27&hourly=temperature_2m,precipitation,wind_speed_10m",2026-09-28T18:59:35Z,felipe_carrillo_puerto horario 2026
D8 Open-Meteo,datos/bronze/clima/2026-09-28/diario/felipe_carrillo_puerto_1950s.json,90b3e5d87937aa3b5913c4693774668e25fb1cd812e5c53091f530204d14e1e4,102538,3652,"https://archive-api.open-meteo.com/v1/archive?latitude=19.5801&longitude=-88.0452&start_date=1950-01-01&end_date=1959-12-31&daily=temperature_2m_max,precipitation_sum,wind_speed_10m_max&timezone=America%2FCancun",2026-09-28T18:59:41Z,felipe_carrillo_puerto diario 1950s
D8 Open-Meteo,datos/bronze/clima/2026-09-28/diario/felipe_carrillo_puerto_1960s.json,739de7421c6f1f1174eaf411e825092b0649d7a510900b2fb34e79fe108e0d7c,102555,3653,"https://archive-api.open-meteo.com/v1/archive?latitude=19.5801&longitude=-88.0452&start_date=1960-01-01&end_date=1969-12-31&daily=temperature_2m_max,precipitation_sum,wind_speed_10m_max&timezone=America%2FCancun",2026-09-28T18:59:47Z,felipe_carrillo_puerto diario 1960s
D8 Open-Meteo,datos/bronze/clima/2026-09-28/diario/felipe_carrillo_puerto_1970s.json,1632546f3916481a651f0c0deb8388cfdadc441a2dee2a601d4837a6999be2e6,102551,3652,"https://archive-api.open-meteo.com/v1/archive?latitude=19.5801&longitude=-88.0452&start_date=1970-01-01&end_date=1979-12-31&daily=temperature_2m_max,precipitation_sum,wind_speed_10m_max&timezone=America%2FCancun",2026-09-28T18:59:53Z,felipe_carrillo_puerto diario 1970s
D8 Open-Meteo,datos/bronze/clima/2026-09-28/diario/felipe_carrillo_puerto_1980s.json,2bb03513741d9d17e310c1238d1aff817cc26806ced54abaee5fae5391e12247,102592,3653,"https://archive-api.open-meteo.com/v1/archive?latitude=19.5801&longitude=-88.0452&start_date=1980-01-01&end_date=1989-12-31&daily=temperature_2m_max,precipitation_sum,wind_speed_10m_max&timezone=America%2FCancun",2026-09-28T18:59:57Z,felipe_carrillo_puerto diario 1980s
D8 Open-Meteo,datos/bronze/clima/2026-09-28/diario/felipe_carrillo_puerto_1990s.json,349166b0b05282239f4b9ac413de215730a5c2135faf24f27332d5df7b1ed43f,102599,3652,"https://archive-api.open-meteo.com/v1/archive?latitude=19.5801&longitude=-88.0452&start_date=1990-01-01&end_date=1999-12-31&daily=temperature_2m_max,precipitation_sum,wind_speed_10m_max&timezone=America%2FCancun",2026-09-28T19:00:02Z,felipe_carrillo_puerto diario 1990s
D8 Open-Meteo,datos/bronze/clima/2026-09-28/diario/felipe_carrillo_puerto_2000s.json,60a0a86766afd9f42b075f3152f4b42435d47cdca3c547d73c2584264cb479f8,102641,3653,"https://archive-api.open-meteo.com/v1/archive?latitude=19.5801&longitude=-88.0452&start_date=2000-01-01&end_date=2009-12-31&daily=temperature_2m_max,precipitation_sum,wind_speed_10m_max&timezone=America%2FCancun",2026-09-28T19:00:07Z,felipe_carrillo_puerto diario 2000s
D8 Open-Meteo,datos/bronze/clima/2026-09-28/diario/felipe_carrillo_puerto_2010s.json,24e7af3d2691d195e2f1ffe376aa3bce7c4d809ac725eb5d2aab1e1b24ba95d5,102598,3652,"https://archive-api.open-meteo.com/v1/archive?latitude=19.5801&longitude=-88.0452&start_date=2010-01-01&end_date=2019-12-31&daily=temperature_2m_max,precipitation_sum,wind_speed_10m_max&timezone=America%2FCancun",2026-09-28T19:00:13Z,felipe_carrillo_puerto diario 2010s
D8 Open-Meteo,datos/bronze/clima/2026-09-28/diario/felipe_carrillo_puerto_2020s.json,14d6cbf516ebcba5402e0247b2ab72d5db1a2f82d769e7028e5d3bfa86cb0ce8,69400,2462,"https://archive-api.open-meteo.com/v1/archive?latitude=19.5801&longitude=-88.0452&start_date=2020-01-01&end_date=2026-09-27&daily=temperature_2m_max,precipitation_sum,wind_speed_10m_max&timezone=America%2FCancun",2026-09-28T19:00:18Z,felipe_carrillo_puerto diario 2020s
D8 Open-Meteo,datos/bronze/clima/2026-09-28/horario/bacalar_2019.json,d9ce39762be7c8360e9976f0236a2a8c8add82feb7eb661fb11e1f68629b883e,292531,8760,"https://archive-api.open-meteo.com/v1/archive?latitude=18.6771&longitude=-88.395&start_date=2019-01-01&end_date=2019-12-31&hourly=temperature_2m,precipitation,wind_speed_10m",2026-09-28T19:00:22Z,bacalar horario 2019
D8 Open-Meteo,datos/bronze/clima/2026-09-28/horario/bacalar_2020.json,fe4e4c5c0fd6fe7203231685ec93a90fb988a89016c955e55672f89713ecd6c8,293655,8784,"https://archive-api.open-meteo.com/v1/archive?latitude=18.6771&longitude=-88.395&start_date=2020-01-01&end_date=2020-12-31&hourly=temperature_2m,precipitation,wind_speed_10m",2026-09-28T19:00:26Z,bacalar horario 2020
D8 Open-Meteo,datos/bronze/clima/2026-09-28/horario/bacalar_2021.json,f255773dc40480d923a9c8ea39eb1d31c3a8dfef3184a14283ecd290929eb0c3,292642,8760,"https://archive-api.open-meteo.com/v1/archive?latitude=18.6771&longitude=-88.395&start_date=2021-01-01&end_date=2021-12-31&hourly=temperature_2m,precipitation,wind_speed_10m",2026-09-28T19:00:30Z,bacalar horario 2021
D8 Open-Meteo,datos/bronze/clima/2026-09-28/horario/bacalar_2022.json,b83075227ae4540907e0048b3db7aae013a7052f44d1f68f5ca930cf963df438,292393,8760,"https://archive-api.open-meteo.com/v1/archive?latitude=18.6771&longitude=-88.395&start_date=2022-01-01&end_date=2022-12-31&hourly=temperature_2m,precipitation,wind_speed_10m",2026-09-28T19:00:34Z,bacalar horario 2022
D8 Open-Meteo,datos/bronze/clima/2026-09-28/horario/bacalar_2023.json,7bf80549f4d0c38102dfaa1785914b1a417105c532e637b9462a22b345e02413,292585,8760,"https://archive-api.open-meteo.com/v1/archive?latitude=18.6771&longitude=-88.395&start_date=2023-01-01&end_date=2023-12-31&hourly=temperature_2m,precipitation,wind_speed_10m",2026-09-28T19:00:38Z,bacalar horario 2023
D8 Open-Meteo,datos/bronze/clima/2026-09-28/horario/bacalar_2024.json,cc7595a056070c81728936c8d3edad37cec6839d698311a14fc9601dfec4aaa1,293345,8784,"https://archive-api.open-meteo.com/v1/archive?latitude=18.6771&longitude=-88.395&start_date=2024-01-01&end_date=2024-12-31&hourly=temperature_2m,precipitation,wind_speed_10m",2026-09-28T19:00:42Z,bacalar horario 2024
D8 Open-Meteo,datos/bronze/clima/2026-09-28/horario/bacalar_2025.json,cb64962f9e467b00f93a3e9e644ac75b988dabd06912afc50ba46b2d54ffd73c,292247,8760,"https://archive-api.open-meteo.com/v1/archive?latitude=18.6771&longitude=-88.395&start_date=2025-01-01&end_date=2025-12-31&hourly=temperature_2m,precipitation,wind_speed_10m",2026-09-28T19:00:46Z,bacalar horario 2025
D8 Open-Meteo,datos/bronze/clima/2026-09-28/horario/bacalar_2026.json,0f235e48a8e33a192a534faa28c176971e2ba9a5d2203de1c9f1ede05374f03d,216575,6480,"https://archive-api.open-meteo.com/v1/archive?latitude=18.6771&longitude=-88.395&start_date=2026-01-01&end_date=2026-09-27&hourly=temperature_2m,precipitation,wind_speed_10m",2026-09-28T19:00:50Z,bacalar horario 2026
D8 Open-Meteo,datos/bronze/clima/2026-09-28/diario/bacalar_1950s.json,0fa8d6ef41079670a9cd480dea9c4784dff71cca159c22f2428885fc56731479,102254,3652,"https://archive-api.open-meteo.com/v1/archive?latitude=18.6771&longitude=-88.395&start_date=1950-01-01&end_date=1959-12-31&daily=temperature_2m_max,precipitation_sum,wind_speed_10m_max&timezone=America%2FCancun",2026-09-28T19:00:57Z,bacalar diario 1950s
D8 Open-Meteo,datos/bronze/clima/2026-09-28/diario/bacalar_1960s.json,0802cbd463887f3f006d5ae33ec1c44b45d76f5dace7523f2ddde0bc833c1fa4,102364,3653,"https://archive-api.open-meteo.com/v1/archive?latitude=18.6771&longitude=-88.395&start_date=1960-01-01&end_date=1969-12-31&daily=temperature_2m_max,precipitation_sum,wind_speed_10m_max&timezone=America%2FCancun",2026-09-28T19:01:03Z,bacalar diario 1960s
D8 Open-Meteo,datos/bronze/clima/2026-09-28/diario/bacalar_1970s.json,c82ec096e7a377e68bf83164914c3a796cfb5670cdc8502f1d6af2d155711dbc,102255,3652,"https://archive-api.open-meteo.com/v1/archive?latitude=18.6771&longitude=-88.395&start_date=1970-01-01&end_date=1979-12-31&daily=temperature_2m_max,precipitation_sum,wind_speed_10m_max&timezone=America%2FCancun",2026-09-28T19:01:09Z,bacalar diario 1970s
D8 Open-Meteo,datos/bronze/clima/2026-09-28/diario/bacalar_1980s.json,d9a5e71e5a67ffe6247c4be24bd045acce2f054ca735a9851201dd058f7829a8,102360,3653,"https://archive-api.open-meteo.com/v1/archive?latitude=18.6771&longitude=-88.395&start_date=1980-01-01&end_date=1989-12-31&daily=temperature_2m_max,precipitation_sum,wind_speed_10m_max&timezone=America%2FCancun",2026-09-28T19:01:15Z,bacalar diario 1980s
D8 Open-Meteo,datos/bronze/clima/2026-09-28/diario/bacalar_1990s.json,39476d9565d669eabc5f85fa6f118fb35042577a5719a7264d2b2ab40ea7d0ca,102439,3652,"https://archive-api.open-meteo.com/v1/archive?latitude=18.6771&longitude=-88.395&start_date=1990-01-01&end_date=1999-12-31&daily=temperature_2m_max,precipitation_sum,wind_speed_10m_max&timezone=America%2FCancun",2026-09-28T19:01:21Z,bacalar diario 1990s
D8 Open-Meteo,datos/bronze/clima/2026-09-28/diario/bacalar_2000s.json,dadb9796909c471e7991446365e10dbf0abdcbc7f03f3851d7f9d6e011f2438b,102511,3653,"https://archive-api.open-meteo.com/v1/archive?latitude=18.6771&longitude=-88.395&start_date=2000-01-01&end_date=2009-12-31&daily=temperature_2m_max,precipitation_sum,wind_speed_10m_max&timezone=America%2FCancun",2026-09-28T19:01:27Z,bacalar diario 2000s
D8 Open-Meteo,datos/bronze/clima/2026-09-28/diario/bacalar_2010s.json,ebd3bf38b4ee440cc432d2f9f61c1594728029bcba72b21418781aa3dd6ce7a2,102489,3652,"https://archive-api.open-meteo.com/v1/archive?latitude=18.6771&longitude=-88.395&start_date=2010-01-01&end_date=2019-12-31&daily=temperature_2m_max,precipitation_sum,wind_speed_10m_max&timezone=America%2FCancun",2026-09-28T19:01:32Z,bacalar diario 2010s
D8 Open-Meteo,datos/bronze/clima/2026-09-28/diario/bacalar_2020s.json,7dc30e120a3596d63d2b8bf8ca5d00d6901319a78cce4d26332e0945a37f10d1,69372,2462,"https://archive-api.open-meteo.com/v1/archive?latitude=18.6771&longitude=-88.395&start_date=2020-01-01&end_date=2026-09-27&daily=temperature_2m_max,precipitation_sum,wind_speed_10m_max&timezone=America%2FCancun",2026-09-28T19:01:36Z,bacalar diario 2020s
D8 Open-Meteo,datos/bronze/clima/2026-09-28/horario/chetumal_2019.json,c7f2bac81c1bd9527c481ab9c9b4e9aedb7d203c3a10e10847a5d34a5f5cc8f5,295760,8760,"https://archive-api.open-meteo.com/v1/archive?latitude=18.5001&longitude=-88.2961&start_date=2019-01-01&end_date=2019-12-31&hourly=temperature_2m,precipitation,wind_speed_10m",2026-09-28T19:01:40Z,chetumal horario 2019
D8 Open-Meteo,datos/bronze/clima/2026-09-28/horario/chetumal_2020.json,f7f5027ee06c9c9370760ee28a166a70ba729e0b673341c401f3ef362a1badd0,296569,8784,"https://archive-api.open-meteo.com/v1/archive?latitude=18.5001&longitude=-88.2961&start_date=2020-01-01&end_date=2020-12-31&hourly=temperature_2m,precipitation,wind_speed_10m",2026-09-28T19:01:44Z,chetumal horario 2020
D8 Open-Meteo,datos/bronze/clima/2026-09-28/horario/chetumal_2021.json,7975d5f2e5f17eb4d1cc5ce8a615f09d7659be1b3ec0a5df7c80dcf44f7bf7d8,295930,8760,"https://archive-api.open-meteo.com/v1/archive?latitude=18.5001&longitude=-88.2961&start_date=2021-01-01&end_date=2021-12-31&hourly=temperature_2m,precipitation,wind_speed_10m",2026-09-28T19:01:48Z,chetumal horario 2021
D8 Open-Meteo,datos/bronze/clima/2026-09-28/horario/chetumal_2022.json,c24c6a52e140f6c538d476f33b552e3df3d6db19f6c14e3e9e2c7e7632ec88e5,295791,8760,"https://archive-api.open-meteo.com/v1/archive?latitude=18.5001&longitude=-88.2961&start_date=2022-01-01&end_date=2022-12-31&hourly=temperature_2m,precipitation,wind_speed_10m",2026-09-28T19:01:52Z,chetumal horario 2022
D8 Open-Meteo,datos/bronze/clima/2026-09-28/horario/chetumal_2023.json,b43a3368b4632b112f50c87c699f0f8bb32aa02a05044c6d2df3d72d81a95d58,295256,8760,"https://archive-api.open-meteo.com/v1/archive?latitude=18.5001&longitude=-88.2961&start_date=2023-01-01&end_date=2023-12-31&hourly=temperature_2m,precipitation,wind_speed_10m",2026-09-28T19:01:56Z,chetumal horario 2023
D8 Open-Meteo,datos/bronze/clima/2026-09-28/horario/chetumal_2024.json,c59963feb1c35bf3d5816028418608a9f073fd64fa466cd00106e64fbd07007b,295731,8784,"https://archive-api.open-meteo.com/v1/archive?latitude=18.5001&longitude=-88.2961&start_date=2024-01-01&end_date=2024-12-31&hourly=temperature_2m,precipitation,wind_speed_10m",2026-09-28T19:02:00Z,chetumal horario 2024
D8 Open-Meteo,datos/bronze/clima/2026-09-28/horario/chetumal_2025.json,11d449ebd3dd48994725ccaa20f9fb34ffceecaf8719928261f0eb690da098cb,294635,8760,"https://archive-api.open-meteo.com/v1/archive?latitude=18.5001&longitude=-88.2961&start_date=2025-01-01&end_date=2025-12-31&hourly=temperature_2m,precipitation,wind_speed_10m",2026-09-28T19:02:04Z,chetumal horario 2025
D8 Open-Meteo,datos/bronze/clima/2026-09-28/horario/chetumal_2026.json,530e57aaf58bddce859101f96abd023f0e1fffae1778ceb7d303f93ae85b571b,218442,6480,"https://archive-api.open-meteo.com/v1/archive?latitude=18.5001&longitude=-88.2961&start_date=2026-01-01&end_date=2026-09-27&hourly=temperature_2m,precipitation,wind_speed_10m",2026-09-28T19:02:08Z,chetumal horario 2026
D8 Open-Meteo,datos/bronze/clima/2026-09-28/diario/chetumal_1950s.json,4e38036918ec791f845b8aa11cbe0cdbc465ec87da59bfdad213d058dc6d689c,102972,3652,"https://archive-api.open-meteo.com/v1/archive?latitude=18.5001&longitude=-88.2961&start_date=1950-01-01&end_date=1959-12-31&daily=temperature_2m_max,precipitation_sum,wind_speed_10m_max&timezone=America%2FCancun",2026-09-28T19:02:14Z,chetumal diario 1950s
D8 Open-Meteo,datos/bronze/clima/2026-09-28/diario/chetumal_1960s.json,2f8ec33158b091a024fbec0deea61dbda7781af792099383ad319dfe71f8cfd0,103005,3653,"https://archive-api.open-meteo.com/v1/archive?latitude=18.5001&longitude=-88.2961&start_date=1960-01-01&end_date=1969-12-31&daily=temperature_2m_max,precipitation_sum,wind_speed_10m_max&timezone=America%2FCancun",2026-09-28T19:02:21Z,chetumal diario 1960s
D8 Open-Meteo,datos/bronze/clima/2026-09-28/diario/chetumal_1970s.json,539bbd9a3cd915408e8ec3ec8a3c2b8d0804a0e2a41b712d31190c4841db9828,102948,3652,"https://archive-api.open-meteo.com/v1/archive?latitude=18.5001&longitude=-88.2961&start_date=1970-01-01&end_date=1979-12-31&daily=temperature_2m_max,precipitation_sum,wind_speed_10m_max&timezone=America%2FCancun",2026-09-28T19:02:26Z,chetumal diario 1970s
D8 Open-Meteo,datos/bronze/clima/2026-09-28/diario/chetumal_1980s.json,4395fde42fb70f9baefd8d8d90b3a579d1dc098663d9364b96fd417801001442,103050,3653,"https://archive-api.open-meteo.com/v1/archive?latitude=18.5001&longitude=-88.2961&start_date=1980-01-01&end_date=1989-12-31&daily=temperature_2m_max,precipitation_sum,wind_speed_10m_max&timezone=America%2FCancun",2026-09-28T19:02:31Z,chetumal diario 1980s
D8 Open-Meteo,datos/bronze/clima/2026-09-28/diario/chetumal_1990s.json,955f3dc7c61fb9a461f7754ffb168312ee1e4d16556286149404476472c6f337,102919,3652,"https://archive-api.open-meteo.com/v1/archive?latitude=18.5001&longitude=-88.2961&start_date=1990-01-01&end_date=1999-12-31&daily=temperature_2m_max,precipitation_sum,wind_speed_10m_max&timezone=America%2FCancun",2026-09-28T19:02:36Z,chetumal diario 1990s
D8 Open-Meteo,datos/bronze/clima/2026-09-28/diario/chetumal_2000s.json,f04210b2eb5b648b5cd2cd0469567ac5909ee1170f010fb3dd3e9ed6368ca2a9,102942,3653,"https://archive-api.open-meteo.com/v1/archive?latitude=18.5001&longitude=-88.2961&start_date=2000-01-01&end_date=2009-12-31&daily=temperature_2m_max,precipitation_sum,wind_speed_10m_max&timezone=America%2FCancun",2026-09-28T19:02:41Z,chetumal diario 2000s
D8 Open-Meteo,datos/bronze/clima/2026-09-28/diario/chetumal_2010s.json,07190d93023ab08d7f5e3c1287dbdb3211f0e691c9ea163440809cc368bb1383,102956,3652,"https://archive-api.open-meteo.com/v1/archive?latitude=18.5001&longitude=-88.2961&start_date=2010-01-01&end_date=2019-12-31&daily=temperature_2m_max,precipitation_sum,wind_speed_10m_max&timezone=America%2FCancun",2026-09-28T19:02:45Z,chetumal diario 2010s
D8 Open-Meteo,datos/bronze/clima/2026-09-28/diario/chetumal_2020s.json,437c9b95f80d8d57d86083580b871b04ba54516c3d15145af6d8f49dced6bc7d,69528,2462,"https://archive-api.open-meteo.com/v1/archive?latitude=18.5001&longitude=-88.2961&start_date=2020-01-01&end_date=2026-09-27&daily=temperature_2m_max,precipitation_sum,wind_speed_10m_max&timezone=America%2FCancun",2026-09-28T19:02:49Z,chetumal diario 2020s
D8 Open-Meteo,datos/bronze/clima/2026-09-28/horario/kohunlich_2019.json,6c62f9543d7821057b65eccdca89234880adcab09842a541db0379976b17226a,292976,8760,"https://archive-api.open-meteo.com/v1/archive?latitude=18.4197&longitude=-88.7903&start_date=2019-01-01&end_date=2019-12-31&hourly=temperature_2m,precipitation,wind_speed_10m",2026-09-28T19:03:54Z,kohunlich horario 2019
D8 Open-Meteo,datos/bronze/clima/2026-09-28/horario/kohunlich_2020.json,d945e0f54dae627da160cc3a82a782f19fd6908088dcdaa3851ac4c5a71517ba,293861,8784,"https://archive-api.open-meteo.com/v1/archive?latitude=18.4197&longitude=-88.7903&start_date=2020-01-01&end_date=2020-12-31&hourly=temperature_2m,precipitation,wind_speed_10m",2026-09-28T19:03:58Z,kohunlich horario 2020
D8 Open-Meteo,datos/bronze/clima/2026-09-28/horario/kohunlich_2021.json,29d5bbdad394f6c3f158c3ed78fae7f91f7b2bb6a3d87f47a2bc9a38fd5682ff,292834,8760,"https://archive-api.open-meteo.com/v1/archive?latitude=18.4197&longitude=-88.7903&start_date=2021-01-01&end_date=2021-12-31&hourly=temperature_2m,precipitation,wind_speed_10m",2026-09-28T19:04:02Z,kohunlich horario 2021
D8 Open-Meteo,datos/bronze/clima/2026-09-28/horario/kohunlich_2022.json,4e67cc08711e3d644eb1591c1e7a2085a3f46f8aa57873a382cd843fc17792d1,292604,8760,"https://archive-api.open-meteo.com/v1/archive?latitude=18.4197&longitude=-88.7903&start_date=2022-01-01&end_date=2022-12-31&hourly=temperature_2m,precipitation,wind_speed_10m",2026-09-28T19:04:06Z,kohunlich horario 2022
D8 Open-Meteo,datos/bronze/clima/2026-09-28/horario/kohunlich_2023.json,f9671da221d697b5f1dd81442150fcaec7e5e5fd4c48888080a8d0c364e7f82f,292743,8760,"https://archive-api.open-meteo.com/v1/archive?latitude=18.4197&longitude=-88.7903&start_date=2023-01-01&end_date=2023-12-31&hourly=temperature_2m,precipitation,wind_speed_10m",2026-09-28T19:04:10Z,kohunlich horario 2023
D8 Open-Meteo,datos/bronze/clima/2026-09-28/horario/kohunlich_2024.json,4705b0e0b601d38d79877654dd917af2f7acce33d6eaaf4046bff8fa33d1326f,293595,8784,"https://archive-api.open-meteo.com/v1/archive?latitude=18.4197&longitude=-88.7903&start_date=2024-01-01&end_date=2024-12-31&hourly=temperature_2m,precipitation,wind_speed_10m",2026-09-28T19:04:14Z,kohunlich horario 2024
D8 Open-Meteo,datos/bronze/clima/2026-09-28/horario/kohunlich_2025.json,79acda06d64217b282aba260be9d5f5ec195f83bf69819681c6c2223bc45b8d3,292608,8760,"https://archive-api.open-meteo.com/v1/archive?latitude=18.4197&longitude=-88.7903&start_date=2025-01-01&end_date=2025-12-31&hourly=temperature_2m,precipitation,wind_speed_10m",2026-09-28T19:04:18Z,kohunlich horario 2025
D8 Open-Meteo,datos/bronze/clima/2026-09-28/horario/kohunlich_2026.json,01bc3858527c0c643eac61ba9c60d54887358e70c5c828e3fd23653fe608717b,216859,6480,"https://archive-api.open-meteo.com/v1/archive?latitude=18.4197&longitude=-88.7903&start_date=2026-01-01&end_date=2026-09-27&hourly=temperature_2m,precipitation,wind_speed_10m",2026-09-28T19:04:22Z,kohunlich horario 2026
D8 Open-Meteo,datos/bronze/clima/2026-09-28/diario/kohunlich_1950s.json,71b5efb30f5918d187231de9b901c24f63cc8e6252e3b6da2ba7266e5b62cfc0,102286,3652,"https://archive-api.open-meteo.com/v1/archive?latitude=18.4197&longitude=-88.7903&start_date=1950-01-01&end_date=1959-12-31&daily=temperature_2m_max,precipitation_sum,wind_speed_10m_max&timezone=America%2FCancun",2026-09-28T19:04:27Z,kohunlich diario 1950s
D8 Open-Meteo,datos/bronze/clima/2026-09-28/diario/kohunlich_1960s.json,f0ff4e84c4fec6cde1032b3d233f9f3707bf78020555a7beb206cf5916694b64,102377,3653,"https://archive-api.open-meteo.com/v1/archive?latitude=18.4197&longitude=-88.7903&start_date=1960-01-01&end_date=1969-12-31&daily=temperature_2m_max,precipitation_sum,wind_speed_10m_max&timezone=America%2FCancun",2026-09-28T19:04:32Z,kohunlich diario 1960s
D8 Open-Meteo,datos/bronze/clima/2026-09-28/diario/kohunlich_1970s.json,d5de529789f18e9e72b567e4f6b4815b2634e9271f42aa945a2b6a8d029b1682,102316,3652,"https://archive-api.open-meteo.com/v1/archive?latitude=18.4197&longitude=-88.7903&start_date=1970-01-01&end_date=1979-12-31&daily=temperature_2m_max,precipitation_sum,wind_speed_10m_max&timezone=America%2FCancun",2026-09-28T19:04:37Z,kohunlich diario 1970s
D8 Open-Meteo,datos/bronze/clima/2026-09-28/diario/kohunlich_1980s.json,a311d83f85d01f431d37c23064a8dee289243fa95339661e1f47c3c7edd9f07d,102371,3653,"https://archive-api.open-meteo.com/v1/archive?latitude=18.4197&longitude=-88.7903&start_date=1980-01-01&end_date=1989-12-31&daily=temperature_2m_max,precipitation_sum,wind_speed_10m_max&timezone=America%2FCancun",2026-09-28T19:04:41Z,kohunlich diario 1980s
D8 Open-Meteo,datos/bronze/clima/2026-09-28/diario/kohunlich_1990s.json,a1d53841a067ac2f1a81a9c9e42e1f001bef551df341c4a03f9ec1fe8a78b43e,102450,3652,"https://archive-api.open-meteo.com/v1/archive?latitude=18.4197&longitude=-88.7903&start_date=1990-01-01&end_date=1999-12-31&daily=temperature_2m_max,precipitation_sum,wind_speed_10m_max&timezone=America%2FCancun",2026-09-28T19:04:45Z,kohunlich diario 1990s
D8 Open-Meteo,datos/bronze/clima/2026-09-28/diario/kohunlich_2000s.json,0dee7251c2b2b2ef91dc373a4b4862d3ced4c1ef522e21f4f110fb58649d401a,102548,3653,"https://archive-api.open-meteo.com/v1/archive?latitude=18.4197&longitude=-88.7903&start_date=2000-01-01&end_date=2009-12-31&daily=temperature_2m_max,precipitation_sum,wind_speed_10m_max&timezone=America%2FCancun",2026-09-28T19:04:49Z,kohunlich diario 2000s
D8 Open-Meteo,datos/bronze/clima/2026-09-28/diario/kohunlich_2010s.json,83646fb2007bc4e50e2b42514877cb85b2838eedf65a28b78b390e8ed166f753,102466,3652,"https://archive-api.open-meteo.com/v1/archive?latitude=18.4197&longitude=-88.7903&start_date=2010-01-01&end_date=2019-12-31&daily=temperature_2m_max,precipitation_sum,wind_speed_10m_max&timezone=America%2FCancun",2026-09-28T19:04:53Z,kohunlich diario 2010s
D8 Open-Meteo,datos/bronze/clima/2026-09-28/diario/kohunlich_2020s.json,e36726000c4d11127dd20c262c702b78108b4308ba18ccd934667f205a6a0246,69359,2462,"https://archive-api.open-meteo.com/v1/archive?latitude=18.4197&longitude=-88.7903&start_date=2020-01-01&end_date=2026-09-27&daily=temperature_2m_max,precipitation_sum,wind_speed_10m_max&timezone=America%2FCancun",2026-09-28T19:04:58Z,kohunlich diario 2020s
D13 Benchmarks,datos/bronze/benchmarks/2026-09-28/wordstream_google_2025.html,50e135732c1a5b62d0ad564bde0e2716cf65846896a71236c539733871fda4f5,922412,4,https://www.wordstream.com/blog/2025-google-ads-benchmarks,2026-09-28T20:02:06Z,WordStream Google Ads 2025: HTML (4 tablas)
D13 Benchmarks,datos/bronze/benchmarks/2026-09-28/wordstream_google_2025.png,da3bc68a5827c2f143a0370f4e701449d58e911c5dd9ef8ceb2c7b0b8560c5ab,4656905,,https://www.wordstream.com/blog/2025-google-ads-benchmarks,2026-09-28T20:02:06Z,captura de página completa (evidencia)
D13 Benchmarks,datos/bronze/benchmarks/2026-09-28/wordstream_facebook_2025.html,d96c8d356852f39fa42dc0fc41ae870fcc6ba417c836c197462daf334b83f940,913675,6,https://www.wordstream.com/blog/facebook-ads-benchmarks-2025,2026-09-28T20:02:14Z,WordStream Facebook Ads 2025: HTML (6 tablas)
D13 Benchmarks,datos/bronze/benchmarks/2026-09-28/wordstream_facebook_2025.png,fddcbf730a21b305fd1ee53c45b7a5af21f5cb2ecd70f3e96529fda62cabbd01,3717931,,https://www.wordstream.com/blog/facebook-ads-benchmarks-2025,2026-09-28T20:02:14Z,captura de página completa (evidencia)
D13 Benchmarks,datos/bronze/benchmarks/2026-09-28/localiq_busqueda_2026.html,6e5e3e8a4e154b6f75956198675ffb6b0450febe827113340da23ce7d7c5b1b7,435635,4,https://localiq.com/blog/search-advertising-benchmarks/,2026-09-28T20:02:22Z,LocaliQ Búsqueda (Google/Microsoft) 2026: HTML (4 tablas)
D13 Benchmarks,datos/bronze/benchmarks/2026-09-28/localiq_busqueda_2026.png,aca21aec2bf22c41930cfff1352a4a4455d0438c31638f1eca0181c1785d9412,3324200,,https://localiq.com/blog/search-advertising-benchmarks/,2026-09-28T20:02:22Z,captura de página completa (evidencia)
D13 Benchmarks,datos/bronze/benchmarks/2026-09-28/localiq_facebook_2026.html,67d9eee62ad7edfbe2027f65d96dec57bf22f1699eaf5509f354570071559b39,396015,6,https://localiq.com/blog/facebook-advertising-benchmarks/,2026-09-28T20:02:30Z,LocaliQ Facebook Ads 2026: HTML (6 tablas)
D13 Benchmarks,datos/bronze/benchmarks/2026-09-28/localiq_facebook_2026.png,d738dcb0faae9fb4b15438ce8f92a16f2ef759e8353cb57028528250acb35e25,4299683,,https://localiq.com/blog/facebook-advertising-benchmarks/,2026-09-28T20:02:30Z,captura de página completa (evidencia)
D13 Benchmarks,datos/bronze/benchmarks/2026-09-28/benchmarks_tablas.csv,939343bb5d198afb9d4bfb67f5035089c62b1bc8cb793a5ce60a1d714f321c26,61854,386,extraído de las 4 páginas con Playwright,2026-09-28T20:02:30Z,"todas las tablas, todas las industrias"
Evidencia sargazo,datos/bronze/evidencia_sargazo/2026-09-28/ecosur.html,1d6b7cab1787cc042b9806a0ee306add04819ca9f8a33019a9051001480336da,172346,5,https://www.ecosur.mx/alarma-avance-de-sargazo-en-canales-de-chetumal-el-preludio-de-crisis-mayor/,2026-09-28T20:04:22Z,HTML; párrafos sobre la bahía
Evidencia sargazo,datos/bronze/evidencia_sargazo/2026-09-28/ecosur.png,b552011d768f0ab31bcb6347d3b0c043c63efe91af1268b4f406329de863cd42,984609,,https://www.ecosur.mx/alarma-avance-de-sargazo-en-canales-de-chetumal-el-preludio-de-crisis-mayor/,2026-09-28T20:04:23Z,captura de página completa
Evidencia sargazo,datos/bronze/evidencia_sargazo/2026-09-28/ecosur_parrafos.txt,6c18b90a6fbb0e27b95bb6e70a27bc256836e40b7836c387610f9e271c06fa1e,1336,5,https://www.ecosur.mx/alarma-avance-de-sargazo-en-canales-de-chetumal-el-preludio-de-crisis-mayor/,2026-09-28T20:04:23Z,párrafos relevantes extraídos
Evidencia sargazo,datos/bronze/evidencia_sargazo/2026-09-28/reportur_2026-09-28.html,3e2fabb09bcea4f0672f962e1f9ef3f1275093f1645226e9a0ca2d7c126fc08b,156915,3,https://www.reportur.com/agencias/2026/09/28/qroo-acumulaciones-de-sargazo-se-desplazan-hacia-bahia-de-chetumal/,2026-09-28T20:04:29Z,HTML; párrafos sobre la bahía
Evidencia sargazo,datos/bronze/evidencia_sargazo/2026-09-28/reportur_2026-09-28.png,a4136057ce1748a6a62179bca94693711d90a63a39c33bdb33f5030e8f4c7f2d,1614377,,https://www.reportur.com/agencias/2026/09/28/qroo-acumulaciones-de-sargazo-se-desplazan-hacia-bahia-de-chetumal/,2026-09-28T20:04:30Z,captura de página completa
Evidencia sargazo,datos/bronze/evidencia_sargazo/2026-09-28/reportur_2026-09-28_parrafos.txt,c42135ca0ab294b2d7988f8927d6603126df983592e80b4e8c66cdc432ddad6f,798,3,https://www.reportur.com/agencias/2026/09/28/qroo-acumulaciones-de-sargazo-se-desplazan-hacia-bahia-de-chetumal/,2026-09-28T20:04:30Z,párrafos relevantes extraídos
Evidencia sargazo,datos/bronze/evidencia_sargazo/2026-09-28/jornada_maya.html,1c0859af157d406ad50e1e07bacf3949b598aa6d02a88098fab2eb17d0f6676b,738137,1,https://www.lajornadamaya.mx/quintana-roo/268647/quintana-roo-alertan-por-posible-desplazamiento-de-sargazo-hacia-bahia-de-chetumal,2026-09-28T20:04:34Z,HTML; párrafos sobre la bahía
Evidencia sargazo,datos/bronze/evidencia_sargazo/2026-09-28/jornada_maya.png,2d185a32ec3a730dbae52cc35cd6393e754f8da1ba98ca09adb15f04360d9822,2194258,,https://www.lajornadamaya.mx/quintana-roo/268647/quintana-roo-alertan-por-posible-desplazamiento-de-sargazo-hacia-bahia-de-chetumal,2026-09-28T20:04:34Z,captura de página completa
Evidencia sargazo,datos/bronze/evidencia_sargazo/2026-09-28/jornada_maya_parrafos.txt,3ebacf3f30ebfaba09573cb3d13dca4069e26c9ec8aed7cc65e923d288f9979b,182,1,https://www.lajornadamaya.mx/quintana-roo/268647/quintana-roo-alertan-por-posible-desplazamiento-de-sargazo-hacia-bahia-de-chetumal,2026-09-28T20:04:34Z,párrafos relevantes extraídos
Evidencia sargazo,datos/bronze/evidencia_sargazo/2026-09-28/quintanarroense_2026-09-23.html,13124e9ba65499e83a9e42040a8ccfaca6c209765ec4d6b6447d158626135a9d,290845,26,https://elquintanarroense.com.mx/2026/09/23/avistan-sargazo-en-el-bahia-de-chetumal/,2026-09-28T20:04:41Z,HTML; párrafos sobre la bahía
Evidencia sargazo,datos/bronze/evidencia_sargazo/2026-09-28/quintanarroense_2026-09-23.png,de3975f1b85cbd0840860ca0c512955432c2885b97f75bdf7d873610f03aebb9,2478085,,https://elquintanarroense.com.mx/2026/09/23/avistan-sargazo-en-el-bahia-de-chetumal/,2026-09-28T20:04:41Z,captura de página completa
Evidencia sargazo,datos/bronze/evidencia_sargazo/2026-09-28/quintanarroense_2026-09-23_parrafos.txt,546e80e49e825232eed066110b972e015ae0b7809c3905c1fcddc458cdec3aeb,5107,26,https://elquintanarroense.com.mx/2026/09/23/avistan-sargazo-en-el-bahia-de-chetumal/,2026-09-28T20:04:41Z,párrafos relevantes extraídos
Evidencia sargazo,datos/bronze/evidencia_sargazo/2026-09-28/sol_quintana_roo.html,538e6231f5092c7a8f0a066e8112a447446f0468379cb791f941bd5642bbe7e2,80801,0,https://solquintanaroo.mx/sargazo-entra-a-bacalar-chico-y-amenaza-con-llegar-a-chetumal/,2026-09-28T20:04:45Z,HTML; párrafos sobre la bahía
Evidencia sargazo,datos/bronze/evidencia_sargazo/2026-09-28/sol_quintana_roo.png,18ebf4d2377f77210d8f7d5bbb6632798eb3484536e8889ee9c918878a47705d,61981,,https://solquintanaroo.mx/sargazo-entra-a-bacalar-chico-y-amenaza-con-llegar-a-chetumal/,2026-09-28T20:04:45Z,captura de página completa
Evidencia sargazo,datos/bronze/evidencia_sargazo/2026-09-28/sol_quintana_roo_parrafos.txt,ce3dba61516a773c908884b06a72f3059c42d6ad222362feaff43829d6902f77,92,0,https://solquintanaroo.mx/sargazo-entra-a-bacalar-chico-y-amenaza-con-llegar-a-chetumal/,2026-09-28T20:04:45Z,párrafos relevantes extraídos
D7 Censo 2020 ITER,datos/bronze/iter/2026-09-28/iter_23_cpv2020_csv.zip,d2d7226cf19a70765918f6202e2529e471b0413bb987e8485faca18f20923415,270540,2243,https://www.inegi.org.mx/contenidos/programas/ccpv/2020/datosabiertos/iter/iter_23_cpv2020_csv.zip,2026-09-29T00:16:20Z,
